{"log_id": 7630285131425364749, "direction": 3, "words_result": [{"location": {"left": 200, "height": 241, "width": 15, "top": 87}, "probability": {"min": 0.389384, "variance": 0.028271, "average": 0.867917}, "words": "XL90LgE0986L0E\u222009E\u518c\u9c81\u4efd"}, {"location": {"left": 143, "height": 160, "width": 13, "top": 170}, "probability": {"min": 0.462263, "variance": 0.042634, "average": 0.783979}, "words": "\u22208\u952f\uffe5\uffe5"}, {"location": {"left": 118, "height": 132, "width": 13, "top": 197}, "probability": {"min": 0.46135, "variance": 0.035985, "average": 0.787109}, "words": "\u76eeLEHE966\u7528"}, {"location": {"left": 70, "height": 80, "width": 18, "top": 252}, "probability": {"min": 0.392794, "variance": 0.029386, "average": 0.545431}, "words": "\u72c2\u8f742"}], "words_result_num": 4}