{"log_id": 3189212160172136493, "direction": 0, "words_result": [{"location": {"left": 41, "height": 11, "width": 56, "top": 134}, "probability": {"min": 0.427813, "variance": 0.031456, "average": 0.632633}, "words": "\u6027\u7537\u5171"}, {"location": {"left": 42, "height": 9, "width": 123, "top": 190}, "probability": {"min": 0.358296, "variance": 0.041942, "average": 0.888626}, "words": "\u6c11\u4efd410702197311015613"}], "words_result_num": 2}