{"log_id": 7844443296821847661, "direction": 0, "words_result": [{"location": {"left": 64, "height": 8, "width": 39, "top": 160}, "probability": {"min": 0.43835, "variance": 0.05067, "average": 0.65141}, "words": "4\u80fd\u666f\u6587"}, {"location": {"left": 64, "height": 8, "width": 67, "top": 182}, "probability": {"min": 0.397948, "variance": 0.041352, "average": 0.649177}, "words": "m65\u5e745"}, {"location": {"left": 65, "height": 9, "width": 122, "top": 223}, "probability": {"min": 0.429831, "variance": 0.027801, "average": 0.90776}, "words": "\u516c\u8eab\u4ef7\u7801413025196105161817"}], "words_result_num": 3}