{"log_id": 8993274371584208016, "direction": 1, "words_result": [{"probability": {"variance": 0.027524, "average": 0.767427, "min": 0.488217}, "words": "992910956922", "location": {"width": 31, "height": 533, "top": 257, "left": 229}}], "words_result_num": 1}