{"log_id": 6504398794030898637, "direction": 3, "words_result": [{"location": {"left": 130, "height": 52, "width": 11, "top": 114}, "probability": {"min": 0.440494, "variance": 0.059556, "average": 0.753819}, "words": "\u5a5a4\u5f20\u7167\u6587"}, {"location": {"left": 116, "height": 71, "width": 10, "top": 114}, "probability": {"min": 0.447859, "variance": 0.045079, "average": 0.611184}, "words": "\u4f5cB\u7537\u6c11\u9065"}, {"location": {"left": 101, "height": 88, "width": 10, "top": 115}, "probability": {"min": 0.474055, "variance": 0.040837, "average": 0.812873}, "words": "190112"}, {"location": {"left": 50, "height": 153, "width": 8, "top": 116}, "probability": {"min": 0.477697, "variance": 0.014842, "average": 0.914606}, "words": "\u516c\u89c6\u4efd\u53f7\u780143112919911102441x"}], "words_result_num": 4}