{"log_id": 2685332159863320973, "direction": 3, "words_result": [{"location": {"left": 148, "height": 21, "width": 11, "top": 165}, "probability": {"min": 0.771772, "variance": 0.011566, "average": 0.879318}, "words": "\u5609\u94ed"}, {"location": {"left": 133, "height": 28, "width": 9, "top": 178}, "probability": {"min": 0.850582, "variance": 0.005083, "average": 0.921878}, "words": "\u6c11\u6c49"}, {"location": {"left": 118, "height": 47, "width": 9, "top": 178}, "probability": {"min": 0.972328, "variance": 8.3e-05, "average": 0.987248}, "words": "\u6bcf6\u670823\u65e5"}, {"location": {"left": 55, "height": 173, "width": 17, "top": 133}, "probability": {"min": 0.973848, "variance": 3.1e-05, "average": 0.996542}, "words": "\u516c\u6c11\u8eab\u4efd\u53f7\u7801440402198506239039"}], "words_result_num": 4}