{"log_id": 5862235949483327533, "direction": 3, "words_result": [{"location": {"left": 184, "height": 358, "width": 28, "top": 431}, "probability": {"min": 0.507244, "variance": 0.011942, "average": 0.965864}, "words": "460029197104173812"}], "words_result_num": 1}