{"words_result_num": 4, "direction": 0, "log_id": 7521615782776174062, "words_result": [{"location": {"left": 66, "top": 176, "width": 49, "height": 12}, "probability": {"min": 0.972388, "average": 0.983039, "variance": 8.4e-05}, "words": "\u540d\u5f20\u592a\u653f"}, {"location": {"left": 64, "top": 191, "width": 67, "height": 10}, "probability": {"min": 0.468497, "average": 0.709528, "variance": 0.058096}, "words": "\u7537R"}, {"location": {"left": 65, "top": 205, "width": 81, "height": 9}, "probability": {"min": 0.369808, "average": 0.751606, "variance": 0.036971}, "words": "231972\u5e7412\u670850"}, {"location": {"left": 65, "top": 253, "width": 145, "height": 14}, "probability": {"min": 0.38388, "average": 0.924313, "variance": 0.032188}, "words": "\u516c\u5f8551292719721210377"}]}