{"log_id": 406352709821644749, "direction": 0, "words_result": [{"location": {"left": 0, "height": 149, "width": 1075, "top": 82}, "probability": {"min": 0.41002, "variance": 0.029277, "average": 0.91025}, "words": "\u7ba1\u7406\u7cfb\u7d71-\u5efa\u2169\u300c\u6d77\u5357\u7701\u5efa\u8bbe\u9886\u57df\u65bd\u5de5\u73b0\u573a\u4eba,"}, {"location": {"left": 277, "height": 613, "width": 73, "top": 326}, "probability": {"min": 0.383144, "variance": 0.053476, "average": 0.639949}, "words": "\u6b62NN\u2192wN=\u221ewON\u2192oevo"}], "words_result_num": 2}