{"log_id": 7306301613203201837, "direction": 3, "words_result": [{"location": {"left": 84, "height": 137, "width": 25, "top": 150}, "probability": {"min": 0.391891, "variance": 0.023509, "average": 0.931274}, "words": "\u516c\u6c11\u8eab\u4efd\u53f7\u7801522427199003252796"}], "words_result_num": 1}