{"log_id": 3701130930719914799, "words_result_num": 4, "direction": 0, "words_result": [{"words": "\u5434\u6d77\u7389", "location": {"width": 45, "left": 86, "height": 10, "top": 110}, "probability": {"average": 0.805517, "variance": 0.02042, "min": 0.654408}}, {"words": "\u7537\u6c49", "location": {"width": 62, "left": 86, "height": 8, "top": 124}, "probability": {"average": 0.797609, "variance": 0.026244, "min": 0.635609}}, {"words": "1\u534f1\u6708\u5377", "location": {"width": 69, "left": 86, "height": 9, "top": 136}, "probability": {"average": 0.677915, "variance": 0.055393, "min": 0.358856}}, {"words": "\u516c\u6c11\u8eab\u4ef7\u53f714263419791006841X", "location": {"width": 138, "left": 86, "height": 10, "top": 182}, "probability": {"average": 0.909812, "variance": 0.026317, "min": 0.368183}}]}