{"log_id": 1228270315790010415, "words_result_num": 3, "direction": 2, "words_result": [{"words": "2L5L028622y054\u5408\u6bcf\u89e3;3", "location": {"width": 172, "left": 24, "height": 14, "top": 264}, "probability": {"average": 0.718403, "variance": 0.063098, "min": 0.361754}}, {"words": "\u6155\u5b55\u6389\u54c1\u534e\u5fa1\u65e9\u66ae", "location": {"width": 103, "left": 33, "height": 10, "top": 229}, "probability": {"average": 0.730029, "variance": 0.044527, "min": 0.359552}}, {"words": "\u65e5)sw04t396)", "location": {"width": 104, "left": 30, "height": 11, "top": 215}, "probability": {"average": 0.657615, "variance": 0.036561, "min": 0.42149}}]}