{"log_id": 8001104360075223024, "direction": 0, "words_result": [{"probability": {"variance": 0.038263, "average": 0.814309, "min": 0.543581}, "words": "\u5b59\u6c38\u7d20", "location": {"width": 45, "height": 11, "top": 155, "left": 66}}, {"probability": {"variance": 0.026612, "average": 0.650757, "min": 0.40677}, "words": "\u5b89\u7701\u98ce\u51fa\u54c1\u4e86\u96c6\u4e61\u4e86\u8fdb", "location": {"width": 88, "height": 9, "top": 196, "left": 66}}, {"probability": {"variance": 0.013103, "average": 0.925083, "min": 0.536152}, "words": "\u516c\u6c11\u8eab\u4efd\u53f7\u7801340421196707244623", "location": {"width": 135, "height": 12, "top": 228, "left": 65}}], "words_result_num": 3}