{"log_id": 8688565858280769264, "direction": 0, "words_result": [{"probability": {"variance": 0.038532, "average": 0.730315, "min": 0.374292}, "words": "a19689\u5e747\u670826\u65e5", "location": {"width": 88, "height": 11, "top": 175, "left": 46}}, {"probability": {"variance": 0.051332, "average": 0.850533, "min": 0.373529}, "words": "\u4e16\u5740\u5b89\u7701\u516d\u5b89\u5e02\u6876\u5b89\u533a\u72ec\u5c71", "location": {"width": 102, "height": 8, "top": 191, "left": 46}}, {"probability": {"variance": 0.039619, "average": 0.813898, "min": 0.41147}, "words": "\u9547\u94b1\u5e97\u6751\u5bb6\u697c", "location": {"width": 57, "height": 9, "top": 201, "left": 70}}, {"probability": {"variance": 0.019842, "average": 0.924065, "min": 0.420466}, "words": "\u516c\u6211\u8eab34240119890726267X", "location": {"width": 158, "height": 15, "top": 227, "left": 46}}], "words_result_num": 4}