{"direction": 2, "words_result_num": 2, "log_id": 6664455566416092657, "words_result": [{"words": "\u2220E924\u2193s6642805E\u5982\u300b", "probability": {"average": 0.740565, "variance": 0.044762, "min": 0.407103}, "location": {"left": 50, "width": 140, "height": 12, "top": 261}}, {"words": "\u8f6e3\u89d296", "probability": {"average": 0.568322, "variance": 0.024392, "min": 0.364154}, "location": {"left": 50, "width": 76, "height": 9, "top": 214}}]}