{"words_result_num": 4, "direction": 3, "log_id": 2796402895460027054, "words_result": [{"location": {"left": 116, "top": 86, "width": 31, "height": 68}, "probability": {"min": 0.993886, "average": 0.996619, "variance": 4e-06}, "words": "\u5f20\u5efa\u6587"}, {"location": {"left": 82, "top": 94, "width": 36, "height": 109}, "probability": {"min": 0.525586, "average": 0.848745, "variance": 0.027625}, "words": "11976\u5e747\u67086\u65e5"}, {"location": {"left": 61, "top": 95, "width": 42, "height": 131}, "probability": {"min": 0.393464, "average": 0.85481, "variance": 0.0383}, "words": "\u5740\u798f\u5efa\u7701\u6c38\u5b9a\u53bf\u98ce\u57ce\u9547\u585e\u4e0b"}, {"location": {"left": 14, "top": 111, "width": 55, "height": 192}, "probability": {"min": 0.406654, "average": 0.951908, "variance": 0.016997}, "words": "\u516c\u6c11\u8eab\u4efd\u53f7\u7801352623197607060036"}]}