{"words_result_num": 4, "direction": 0, "log_id": 548752281286831406, "words_result": [{"location": {"left": 60, "top": 201, "width": 23, "height": 12}, "probability": {"min": 0.999846, "average": 0.999871, "variance": 0.0}, "words": "\u624d\u79c0"}, {"location": {"left": 24, "top": 234, "width": 103, "height": 14}, "probability": {"min": 0.895033, "average": 0.97536, "variance": 0.001312}, "words": "\u51fa\u751f19745\u670817\u65e5"}, {"location": {"left": 68, "top": 256, "width": 77, "height": 9}, "probability": {"min": 0.51657, "average": 0.900739, "variance": 0.022012}, "words": "\u7701\u6885\u53bf\u7a0b\u6c5f\u9547\u6d69\u5dde\u6751"}, {"location": {"left": 28, "top": 296, "width": 180, "height": 14}, "probability": {"min": 0.477533, "average": 0.940237, "variance": 0.019508}, "words": "\u516c\u6c11\u9ad8\u4efd\u53f7\u7801362132197405178926"}]}