{"log_id": 2502842065907034673, "words_result": [{"location": {"left": 33, "top": 166, "height": 11, "width": 83}, "words": "1908\u5e743\u6708\u65e5", "probability": {"variance": 0.036963, "average": 0.853649, "min": 0.448943}}, {"location": {"left": 33, "top": 182, "height": 8, "width": 95}, "words": "\u4e16\u6c5f\u897f\u7701\u5dde\u5e02\u9ad8\u65b0\u6295\u672f\u4ea7", "probability": {"variance": 0.043859, "average": 0.729983, "min": 0.385035}}, {"location": {"left": 55, "top": 191, "height": 8, "width": 73}, "words": "\u4e1a\u5f00\u53d1\u533a\u9547\u4e0b\u9093\u6750\u4e94", "probability": {"variance": 0.039157, "average": 0.829555, "min": 0.46358}}, {"location": {"left": 32, "top": 216, "height": 12, "width": 151}, "words": "\u516c\u6c11\u8eab\u4efd\u53f7\u75c5362502199803205638", "probability": {"variance": 0.021164, "average": 0.931583, "min": 0.364228}}], "words_result_num": 4, "direction": 0}