{"log_id": 3346584889257355247, "words_result_num": 4, "direction": 0, "words_result": [{"words": "a\u90d1\u4ed8\u6797", "location": {"width": 279, "left": 61, "height": 62, "top": 573}, "probability": {"average": 0.751981, "variance": 0.048687, "min": 0.39328}}, {"words": "\u70b9196644\u670820\u65e5", "location": {"width": 469, "left": 63, "height": 54, "top": 736}, "probability": {"average": 0.769451, "variance": 0.043937, "min": 0.4681}}, {"words": "\u5c71\u4e1c\u7701\u5f0f\u57ce\u53bf\u6ed5\u5e84\u9547\u6ed5\u5e84", "location": {"width": 564, "left": 61, "height": 73, "top": 813}, "probability": {"average": 0.881606, "variance": 0.018432, "min": 0.582168}}, {"words": "\u516c\u6c11\u8eab\u4efd\u53f7\u5988372424196604203534", "location": {"width": 864, "left": 65, "height": 80, "top": 1014}, "probability": {"average": 0.930806, "variance": 0.026344, "min": 0.39142}}]}