{"log_id": 8599459083666832176, "direction": 0, "words_result": [{"probability": {"variance": 0.044293, "average": 0.701278, "min": 0.448765}, "words": "4\u8d75\u98ce\u5bcc", "location": {"width": 47, "height": 12, "top": 132, "left": 54}}, {"probability": {"variance": 0.05467, "average": 0.62907, "min": 0.379572}, "words": "1me84\u67083m", "location": {"width": 78, "height": 11, "top": 158, "left": 56}}, {"probability": {"variance": 0.021509, "average": 0.884041, "min": 0.551373}, "words": "\u5740\u5c71\u4e1c\u7701\u82cd\u5c71\u4e8c\u6b65\u5927", "location": {"width": 97, "height": 10, "top": 173, "left": 54}}, {"probability": {"variance": 0.003553, "average": 0.957649, "min": 0.777666}, "words": "\u516c\u6c11\u4efd\u53f7\u7801372823196804038313", "location": {"width": 144, "height": 13, "top": 207, "left": 55}}], "words_result_num": 4}