{"direction": 0, "words_result_num": 4, "log_id": 910327585858569937, "words_result": [{"words": "5\u67089B", "probability": {"average": 0.682594, "variance": 0.026421, "min": 0.529451}, "location": {"left": 87, "width": 43, "height": 8, "top": 176}}, {"words": "\u6cb3\u7701\u5de9\u4e49\u5e02\u5411\u9633", "probability": {"average": 0.752568, "variance": 0.040707, "min": 0.45492}, "location": {"left": 45, "width": 100, "height": 10, "top": 191}}, {"words": "\u6750\u5b89\u4e50\u897f\u533a54", "probability": {"average": 0.883395, "variance": 0.035412, "min": 0.42902}, "location": {"left": 67, "width": 57, "height": 10, "top": 200}}, {"words": "\u516c\u6c11\u8eab\u53f7\u7801410181197505097234", "probability": {"average": 0.932878, "variance": 0.022777, "min": 0.49689}, "location": {"left": 44, "width": 155, "height": 12, "top": 227}}]}