{"words_result_num": 3, "direction": 0, "log_id": 1131610590998442094, "words_result": [{"location": {"left": 63, "top": 128, "width": 46, "height": 11}, "probability": {"min": 0.945614, "average": 0.978227, "variance": 0.000546}, "words": "\u80e1\u5e38\u5c71"}, {"location": {"left": 104, "top": 170, "width": 51, "height": 8}, "probability": {"min": 0.360122, "average": 0.657579, "variance": 0.05094}, "words": "\u5f00\u54c1\u952e\u7f8e\u9500\u72ec\u7cfb"}, {"location": {"left": 64, "top": 201, "width": 141, "height": 12}, "probability": {"min": 0.471515, "average": 0.89799, "variance": 0.031062}, "words": "\u516c\u6c11\u6d77\u4efd\u6bcd\u7801410224197511260013"}]}