{"log_id": 608450313745145008, "direction": 0, "words_result": [{"probability": {"variance": 0.054621, "average": 0.662597, "min": 0.443021}, "words": "\u4f5c\u522b\u7537\u6c11\u65cf\u6c49", "location": {"width": 74, "height": 10, "top": 239, "left": 49}}, {"probability": {"variance": 0.022144, "average": 0.93437, "min": 0.468277}, "words": "\u751f2001\u5e744\u670823\u65e5", "location": {"width": 92, "height": 10, "top": 254, "left": 50}}, {"probability": {"variance": 0.055254, "average": 0.792605, "min": 0.357522}, "words": "\u4f4f\u5740\u6cb3\u5357\u7701\u4e0a\u53bf\u534e\u7f13\u8f85\u534e\u5357", "location": {"width": 113, "height": 11, "top": 271, "left": 51}}, {"probability": {"variance": 0.006267, "average": 0.974417, "min": 0.619692}, "words": "\u516c\u6c11\u4efd\u53f7\u7801412825200104232937", "location": {"width": 167, "height": 10, "top": 311, "left": 52}}], "words_result_num": 4}