{"words_result_num": 3, "direction": 0, "log_id": 6779190392197025678, "words_result": [{"location": {"left": 45, "top": 161, "width": 42, "height": 10}, "probability": {"min": 0.512999, "average": 0.616582, "variance": 0.017653}, "words": "n\u8d3e\u6c38"}, {"location": {"left": 46, "top": 175, "width": 62, "height": 9}, "probability": {"min": 0.368262, "average": 0.575012, "variance": 0.029505}, "words": "B\u7537\u5929\u5f53\u6c49"}, {"location": {"left": 47, "top": 200, "width": 87, "height": 10}, "probability": {"min": 0.373392, "average": 0.6558, "variance": 0.038983}, "words": "\u6cb3\u9762\u54c1\u7528\u6ce8\u4e61\u8fb9\u5b50"}]}