{"words_result_num": 3, "direction": 2, "log_id": 1292627572037076462, "words_result": [{"location": {"left": 26, "top": 251, "width": 201, "height": 22}, "probability": {"min": 0.397298, "average": 0.73265, "variance": 0.05625}, "words": "61090290s86l\u2220282L?\u4efd\u5668"}, {"location": {"left": 54, "top": 221, "width": 45, "height": 12}, "probability": {"min": 0.38153, "average": 0.629469, "variance": 0.062663}, "words": "\u65e5\u6bcd\u8bed"}, {"location": {"left": 25, "top": 188, "width": 108, "height": 13}, "probability": {"min": 0.352825, "average": 0.712015, "variance": 0.080577}, "words": "29964"}]}