{"log_id": 5985825431103802896, "direction": 0, "words_result": [{"probability": {"variance": 0.003003, "average": 0.945105, "min": 0.85498}, "words": "\u540d\u8881\u5fc5\u80dc", "location": {"width": 41, "height": 10, "top": 152, "left": 49}}, {"probability": {"variance": 0.011206, "average": 0.951016, "min": 0.645712}, "words": "\u91cf\u6e56\u5317\u7701\u623f\u53bf\u5927\u6728\u9547\u5bb6", "location": {"width": 103, "height": 10, "top": 197, "left": 39}}, {"probability": {"variance": 0.061726, "average": 0.708768, "min": 0.460321}, "words": "\u6751", "location": {"width": 22, "height": 8, "top": 209, "left": 63}}, {"probability": {"variance": 0.013784, "average": 0.97279, "min": 0.434872}, "words": "\u516c\u4efd\u53f7420325198504097319", "location": {"width": 156, "height": 10, "top": 236, "left": 41}}], "words_result_num": 4}