{"direction": 3, "words_result_num": 2, "log_id": 8232240562780679953, "words_result": [{"words": "\u5c39\u94b1", "probability": {"average": 0.829118, "variance": 0.019984, "min": 0.687754}, "location": {"left": 167, "width": 9, "height": 30, "top": 206}}, {"words": "\u516c\u8eab\u53f7\u7801420425199507192515", "probability": {"average": 0.861184, "variance": 0.038654, "min": 0.377944}, "location": {"left": 100, "width": 14, "height": 119, "top": 202}}]}