{"log_id": 8344112478917076911, "words_result_num": 1, "direction": 0, "words_result": [{"words": "\u516c\u6c11\u8eab\u4efd\u53f7421022196701055173", "location": {"width": 132, "left": 59, "height": 9, "top": 226}, "probability": {"average": 0.89188, "variance": 0.032061, "min": 0.438515}}]}