{"log_id": 969251947861522511, "words_result_num": 4, "direction": 3, "words_result": [{"words": "\u7fa4\u82f1", "location": {"width": 15, "left": 170, "height": 77, "top": 52}, "probability": {"average": 0.901756, "variance": 0.001009, "min": 0.869999}}, {"words": ",\u7537\u6ca1", "location": {"width": 12, "left": 148, "height": 105, "top": 53}, "probability": {"average": 0.519455, "variance": 0.053318, "min": 0.355218}}, {"words": "11\u67087", "location": {"width": 12, "left": 127, "height": 129, "top": 54}, "probability": {"average": 0.662883, "variance": 0.039451, "min": 0.366656}}, {"words": "\u516c\u6c11\u8eab\u4efd\u53f7\u7801421126198801074777", "location": {"width": 13, "left": 47, "height": 229, "top": 56}, "probability": {"average": 0.890352, "variance": 0.03395, "min": 0.400309}}]}