{"log_id": 907722679662317487, "words_result_num": 2, "direction": 1, "words_result": [{"words": "\u22202\u2220\u2019\u5b9d602\u2220618El2?\u4efd\u5e2e", "location": {"width": 9, "left": 67, "height": 155, "top": 107}, "probability": {"average": 0.727829, "variance": 0.044285, "min": 0.363986}}, {"words": "\u76eeEM6\u5357", "location": {"width": 10, "left": 121, "height": 47, "top": 148}, "probability": {"average": 0.735201, "variance": 0.064301, "min": 0.361463}}]}