{"log_id": 8117571850111403375, "words_result_num": 4, "direction": 1, "words_result": [{"words": "\u540d\u4f59\u5168\u80dc", "location": {"width": 11, "left": 114, "height": 49, "top": 142}, "probability": {"average": 0.800727, "variance": 0.033862, "min": 0.600314}}, {"words": "\u91cd1976\u5e7410\u6708158", "location": {"width": 11, "left": 142, "height": 84, "top": 107}, "probability": {"average": 0.820856, "variance": 0.027018, "min": 0.489293}}, {"words": "\u589e\u5317\u7701\u7a3b\u6625\u54c1\u6a2a\u8f66\u503c\u706b", "location": {"width": 10, "left": 159, "height": 101, "top": 90}, "probability": {"average": 0.777817, "variance": 0.046947, "min": 0.369667}}, {"words": "\u516c\u6c11\u623f\u4efd\u53f7\u780142212819761015313X", "location": {"width": 13, "left": 196, "height": 154, "top": 36}, "probability": {"average": 0.924053, "variance": 0.03058, "min": 0.35257}}]}