{"log_id": 1383493217930019249, "words_result": [{"location": {"left": 58, "top": 147, "height": 12, "width": 48}, "words": "n\u540d\u6731\u519b", "probability": {"variance": 0.075534, "average": 0.704507, "min": 0.384968}}, {"location": {"left": 57, "top": 173, "height": 12, "width": 79}, "words": "\u51fa\u91cd19723.2\u670814B", "probability": {"variance": 0.055076, "average": 0.754699, "min": 0.367305}}, {"location": {"left": 67, "top": 189, "height": 10, "width": 82}, "words": "\u5317\u7701\u5e7f\u6c34\u5e02\u5173\u51fd\u503c\u5927", "probability": {"variance": 0.036975, "average": 0.757029, "min": 0.474794}}, {"location": {"left": 58, "top": 221, "height": 12, "width": 137}, "words": "\u516c\u6c11\u756a\u4efd\u53f7\u7801422224197302144717", "probability": {"variance": 0.020174, "average": 0.939638, "min": 0.457227}}], "words_result_num": 4, "direction": 0}