{"direction": 0, "log_id": 1719501504563403088, "words_result_num": 3, "words_result": [{"location": {"width": 10, "height": 10, "left": 118, "top": 117}, "probability": {"min": 0.99589, "average": 0.99589, "variance": 0.0}, "words": "\u4e07"}, {"location": {"width": 61, "height": 13, "left": 83, "top": 128}, "probability": {"min": 0.508396, "average": 0.691337, "variance": 0.033467}, "words": "\u7537\u8bef"}, {"location": {"width": 133, "height": 24, "left": 81, "top": 181}, "probability": {"min": 0.426442, "average": 0.919603, "variance": 0.019503}, "words": "\u516c\u6211\u623f\u4efd\u53f7\u7801422827196307210717"}]}