{"log_id": 2529559614718611887, "words_result_num": 3, "direction": 3, "words_result": [{"words": "\u5434\u4f20\u660e", "location": {"width": 51, "left": 777, "height": 287, "top": 530}, "probability": {"average": 0.704116, "variance": 0.036987, "min": 0.495009}}, {"words": "\u7537\u9876", "location": {"width": 62, "left": 687, "height": 396, "top": 524}, "probability": {"average": 0.600458, "variance": 0.005289, "min": 0.527735}}, {"words": "\u8eab\u7269\u53f74290059607111335", "location": {"width": 63, "left": 319, "height": 851, "top": 525}, "probability": {"average": 0.8495, "variance": 0.029592, "min": 0.418326}}]}