{"direction": 0, "words_result_num": 3, "log_id": 8841730208094581169, "words_result": [{"words": "\u738b\u96c6\u6625", "probability": {"average": 0.943991, "variance": 0.002164, "min": 0.878215}, "location": {"left": 56, "width": 44, "height": 11, "top": 139}}, {"words": "\u7701\u6765\u9633\u5e02\u4ec1\u4e49\u6b65", "probability": {"average": 0.704125, "variance": 0.02058, "min": 0.516279}, "location": {"left": 56, "width": 89, "height": 10, "top": 176}}, {"words": "\u516c\u6c11\u8eab\u4efd\u53f7\u7801430481196810176030", "probability": {"average": 0.895579, "variance": 0.021946, "min": 0.553166}, "location": {"left": 55, "width": 139, "height": 16, "top": 206}}]}