{"log_id": 7965690363037847024, "direction": 0, "words_result": [{"probability": {"variance": 0.054382, "average": 0.749608, "min": 0.516409}, "words": "\u738b\u4f1f", "location": {"width": 276, "height": 94, "top": 606, "left": 73}}, {"probability": {"variance": 0.0, "average": 0.885867, "min": 0.885867}, "words": "\u7537", "location": {"width": 369, "height": 57, "top": 697, "left": 92}}, {"probability": {"variance": 0.049468, "average": 0.58971, "min": 0.351006}, "words": "9m022", "location": {"width": 455, "height": 52, "top": 772, "left": 96}}, {"probability": {"variance": 0.01019, "average": 0.95654, "min": 0.536195}, "words": "\u516c\u4efd\u53f7430422198202071859", "location": {"width": 824, "height": 61, "top": 1051, "left": 103}}], "words_result_num": 4}