{"log_id": 3164373705159372463, "words_result_num": 4, "direction": 0, "words_result": [{"words": "8\u9ad8\u751f", "location": {"width": 46, "left": 51, "height": 9, "top": 163}, "probability": {"average": 0.833196, "variance": 0.052158, "min": 0.510272}}, {"words": "211960.9\u67086\u65e5", "location": {"width": 76, "left": 52, "height": 9, "top": 190}, "probability": {"average": 0.743832, "variance": 0.037369, "min": 0.440883}}, {"words": "B\u83dc\u5357\u7701\u6765\u9633\u5e02\u5927\u548c\u65f6\u6b65\u6625", "location": {"width": 91, "left": 52, "height": 8, "top": 205}, "probability": {"average": 0.675986, "variance": 0.045364, "min": 0.368566}}, {"words": "\u516c\u6c11\u7269\u53f7\u7801430419196009068597", "location": {"width": 139, "left": 52, "height": 8, "top": 239}, "probability": {"average": 0.887001, "variance": 0.036125, "min": 0.390692}}]}