{"log_id": 2028545558581824016, "direction": 3, "words_result": [{"probability": {"variance": 0.001863, "average": 0.960215, "min": 0.887958}, "words": "\u6027\u522b\u7537\u6c11", "location": {"width": 9, "height": 77, "top": 91, "left": 149}}, {"probability": {"variance": 0.008749, "average": 0.920787, "min": 0.73277}, "words": "\u51fa\u751f1098\u5e7410\u67081", "location": {"width": 11, "height": 84, "top": 92, "left": 133}}, {"probability": {"variance": 0.000537, "average": 0.989318, "min": 0.891445}, "words": "\u516c\u6c11\u8eab\u4efd\u53f7\u780143042219981001211X", "location": {"width": 20, "height": 164, "top": 98, "left": 72}}], "words_result_num": 3}