{"log_id": 4835512905437151856, "direction": 1, "words_result": [{"probability": {"variance": 0.002013, "average": 0.947031, "min": 0.883669}, "words": "\u66f9\u6cfd\u53d1", "location": {"width": 9, "height": 47, "top": 130, "left": 94}}, {"probability": {"variance": 0.069121, "average": 0.719622, "min": 0.456713}, "words": "\u7537\u6c49", "location": {"width": 8, "height": 66, "top": 112, "left": 109}}, {"probability": {"variance": 0.032025, "average": 0.8124, "min": 0.382955}, "words": "\u51fa\u751f1872\u5e7410\u670830", "location": {"width": 8, "height": 79, "top": 97, "left": 122}}, {"probability": {"variance": 0.025464, "average": 0.930668, "min": 0.380517}, "words": "\u516c\u6d77\u4efd\u53f7\u7801430481197210305833", "location": {"width": 14, "height": 146, "top": 31, "left": 169}}], "words_result_num": 4}