{"log_id": 3188994608797249167, "words_result_num": 4, "direction": 3, "words_result": [{"words": "\u540d\u90b9\u4fee\u5176", "location": {"width": 12, "left": 172, "height": 57, "top": 112}, "probability": {"average": 0.972136, "variance": 0.00074, "min": 0.942896}}, {"words": "\u51fa\u751f1960\u5e745\u670815\u65e5", "location": {"width": 19, "left": 134, "height": 96, "top": 110}, "probability": {"average": 0.860811, "variance": 0.035534, "min": 0.432089}}, {"words": "\u4efb\u5740\u6e56\u5357\u7701\u8861\u9633\u53bf\u66f2\u5170\u9547\u5408\u4e2d", "location": {"width": 17, "left": 118, "height": 111, "top": 109}, "probability": {"average": 0.771924, "variance": 0.057537, "min": 0.39966}}, {"words": "\u516c\u6c11\u8eab\u4efd\u53f7\u7801430421198005156670", "location": {"width": 20, "left": 73, "height": 170, "top": 107}, "probability": {"average": 0.973798, "variance": 0.006143, "min": 0.613763}}]}