{"log_id": 5643880963147710032, "direction": 3, "words_result": [{"probability": {"variance": 0.085375, "average": 0.694072, "min": 0.398181}, "words": "g\u5218\u6d77\u5cf0", "location": {"width": 10, "height": 47, "top": 23, "left": 112}}, {"probability": {"variance": 0.081793, "average": 0.686646, "min": 0.400651}, "words": "\u7537\u6c11", "location": {"width": 9, "height": 63, "top": 25, "left": 99}}, {"probability": {"variance": 0.047707, "average": 0.751865, "min": 0.396168}, "words": "\u51fa\u751f1000.1\u670827", "location": {"width": 9, "height": 78, "top": 25, "left": 86}}], "words_result_num": 3}