{"words_result_num": 4, "direction": 0, "log_id": 7160272954395798094, "words_result": [{"location": {"left": 48, "top": 128, "width": 45, "height": 9}, "probability": {"min": 0.407389, "average": 0.796935, "variance": 0.075908}, "words": "\u5b81\u53cc\u5c31"}, {"location": {"left": 48, "top": 142, "width": 61, "height": 9}, "probability": {"min": 0.46867, "average": 0.7227, "variance": 0.064531}, "words": "\u7537\u6c11"}, {"location": {"left": 47, "top": 155, "width": 77, "height": 10}, "probability": {"min": 0.729125, "average": 0.928336, "variance": 0.007417}, "words": "1976\u5e749\u670810"}, {"location": {"left": 43, "top": 200, "width": 144, "height": 15}, "probability": {"min": 0.631523, "average": 0.95667, "variance": 0.009654}, "words": "\u516c\u6c11\u8eab\u4efd\u53f7\u7801430524197609105997"}]}