{"log_id": 8342942748622088336, "direction": 1, "words_result": [{"probability": {"variance": 0.060977, "average": 0.849204, "min": 0.421637}, "words": "8\u7f57\u5143\u751f", "location": {"width": 10, "height": 49, "top": 140, "left": 116}}, {"probability": {"variance": 0.04205, "average": 0.736223, "min": 0.405059}, "words": "t19E6\u5e7410\u67081\u65e5", "location": {"width": 10, "height": 84, "top": 103, "left": 144}}, {"probability": {"variance": 0.030784, "average": 0.795354, "min": 0.447546}, "words": "\u5357\u7701\u6843\u6e90\u54c1\u9f99\u9547\u5bb6", "location": {"width": 13, "height": 102, "top": 87, "left": 159}}, {"probability": {"variance": 0.02052, "average": 0.944065, "min": 0.380764}, "words": "\u516c\u8eab\u6bcd\u7801430725196610014876", "location": {"width": 11, "height": 160, "top": 30, "left": 197}}], "words_result_num": 4}