{"direction": 0, "words_result_num": 4, "log_id": 4668173846643131025, "words_result": [{"words": "m4\u9646\u7ee7\u8d22", "probability": {"average": 0.680503, "variance": 0.04626, "min": 0.45208}, "location": {"left": 54, "width": 45, "height": 10, "top": 124}}, {"words": "\u9762\u7701\u6ee1\u54c1\u4e24\u6c5f\u53c2\u4e09\u53e3", "probability": {"average": 0.793475, "variance": 0.056601, "min": 0.395862}, "location": {"left": 53, "width": 92, "height": 9, "top": 163}}, {"words": "\u65f6\u4e03", "probability": {"average": 0.711067, "variance": 0.010761, "min": 0.607331}, "location": {"left": 71, "width": 24, "height": 9, "top": 172}}, {"words": "\u516c\u6211\u6d77\u4efd\u53f7\u780143122419940302487X", "probability": {"average": 0.911169, "variance": 0.017879, "min": 0.498483}, "location": {"left": 52, "width": 144, "height": 9, "top": 196}}]}