{"log_id": 7499912314578388303, "words_result_num": 4, "direction": 0, "words_result": [{"words": "\u540d\u5f20\u6620\u6843", "location": {"width": 61, "left": 41, "height": 14, "top": 120}, "probability": {"average": 0.993954, "variance": 9.6e-05, "min": 0.976966}}, {"words": "\u51fa\u6ce8\u751f4968+8\u670816\u65e5", "location": {"width": 100, "left": 43, "height": 9, "top": 158}, "probability": {"average": 0.813891, "variance": 0.038365, "min": 0.484568}}, {"words": "\u4f4f\u6e56\u5357\u7701\u53ea\u53bf\u5c71\u95e8\u9547\u5c0f\u82b1", "location": {"width": 121, "left": 42, "height": 11, "top": 175}, "probability": {"average": 0.868017, "variance": 0.029759, "min": 0.39622}}, {"words": "\u516c\u6c11\u8eab\u4efd\u53f7\u7801432624195808164736", "location": {"width": 184, "left": 43, "height": 12, "top": 219}, "probability": {"average": 0.977835, "variance": 0.004564, "min": 0.670999}}]}