{"direction": 3, "words_result_num": 4, "log_id": 4227321619489967377, "words_result": [{"words": "\u540d\u9648\u6765", "probability": {"average": 0.712057, "variance": 0.016078, "min": 0.617984}, "location": {"left": 164, "width": 10, "height": 50, "top": 121}}, {"words": "\u6027\u7537\u6c11\u6c49", "probability": {"average": 0.733983, "variance": 0.027807, "min": 0.539938}, "location": {"left": 150, "width": 9, "height": 69, "top": 121}}, {"words": "1963\u5e744\u670813\u65e5", "probability": {"average": 0.834828, "variance": 0.035113, "min": 0.48843}, "location": {"left": 135, "width": 10, "height": 75, "top": 131}}, {"words": "\u516c\u6c11\u8eab\u4efd\u53f7\u7801432924196304135617", "probability": {"average": 0.965501, "variance": 0.007903, "min": 0.586658}, "location": {"left": 81, "width": 13, "height": 159, "top": 121}}]}