{"log_id": 1229574958612610735, "words_result_num": 4, "direction": 3, "words_result": [{"words": "n\u540d\u5b89\u559c\u65b9", "location": {"width": 14, "left": 190, "height": 75, "top": 66}, "probability": {"average": 0.841543, "variance": 0.035399, "min": 0.56034}}, {"words": "100\u5e744\u670820", "location": {"width": 20, "left": 142, "height": 125, "top": 64}, "probability": {"average": 0.914991, "variance": 0.023663, "min": 0.52457}}, {"words": "\u5740\u5357\u7701\u98ce\u54c1\u5b98\u5e84\u4e61\u6bdb\u8fb9", "location": {"width": 19, "left": 121, "height": 152, "top": 62}, "probability": {"average": 0.874216, "variance": 0.028804, "min": 0.421547}}, {"words": "\u516c\u6c11\u4efd\u53f7\u7801433123199004203010", "location": {"width": 25, "left": 58, "height": 240, "top": 59}, "probability": {"average": 0.989742, "variance": 0.000562, "min": 0.90104}}]}