{"log_id": 6101752027092621712, "direction": 3, "words_result": [{"probability": {"variance": 0.002246, "average": 0.699808, "min": 0.653412}, "words": "\u601d\u5c01\u5668", "location": {"width": 10, "height": 46, "top": 132, "left": 81}}], "words_result_num": 1}