{"log_id": 2738482847123791504, "direction": 3, "words_result": [{"probability": {"variance": 0.01413, "average": 0.823433, "min": 0.665784}, "words": "4\u90d1\u5fd7\u72b6", "location": {"width": 12, "height": 68, "top": 110, "left": 172}}, {"probability": {"variance": 0.027356, "average": 0.790003, "min": 0.540964}, "words": "l\u73a9\u66fe\u64cd\u5e02\u5761\u60c5\u5761", "location": {"width": 10, "height": 118, "top": 125, "left": 114}}, {"probability": {"variance": 0.023476, "average": 0.820656, "min": 0.577946}, "words": "\u67511m5", "location": {"width": 10, "height": 34, "top": 142, "left": 101}}, {"probability": {"variance": 0.001772, "average": 0.981627, "min": 0.843592}, "words": "\u516c\u6c11\u8eab\u53f7\u7801440821198005113519", "location": {"width": 13, "height": 197, "top": 113, "left": 64}}], "words_result_num": 4}