{"log_id": 1879930429575229647, "words_result_num": 3, "direction": 1, "words_result": [{"words": "E5E60501861g880\u9c81\u56de\u5404", "location": {"width": 16, "left": 78, "height": 180, "top": 121}, "probability": {"average": 0.755214, "variance": 0.036303, "min": 0.420939}}, {"words": "10}\u2260\u22209,\u949f", "location": {"width": 11, "left": 111, "height": 55, "top": 145}, "probability": {"average": 0.644203, "variance": 0.044566, "min": 0.364023}}, {"words": "\u65e569", "location": {"width": 9, "left": 142, "height": 38, "top": 179}, "probability": {"average": 0.70822, "variance": 0.036014, "min": 0.524192}}]}