{"log_id": 3305464858834946064, "direction": 3, "words_result": [{"probability": {"variance": 0.013075, "average": 0.854384, "min": 0.740039}, "words": "\u6c11\u6c49", "location": {"width": 9, "height": 32, "top": 128, "left": 155}}, {"probability": {"variance": 0.003016, "average": 0.969416, "min": 0.847832}, "words": "\u5e744\u670812\u65e5", "location": {"width": 10, "height": 52, "top": 128, "left": 138}}, {"probability": {"variance": 0.010185, "average": 0.961938, "min": 0.628279}, "words": "\u91cf\u5e7f\u4e1c\u7701\u5434\u5ddd\u5e02\u9ec4\u5761\u9547\u7684\u8499", "location": {"width": 16, "height": 125, "top": 75, "left": 115}}, {"probability": {"variance": 0.001011, "average": 0.989865, "min": 0.848797}, "words": "\u516c\u6c11\u8eab\u4efd\u53f7\u7801440883199504123934", "location": {"width": 18, "height": 186, "top": 78, "left": 71}}], "words_result_num": 4}