{"log_id": 3107093353323231216, "direction": 0, "words_result": [{"probability": {"variance": 0.034779, "average": 0.821987, "min": 0.563067}, "words": "\u7684\u540d\u9ec4\u6625\u5065", "location": {"width": 49, "height": 10, "top": 130, "left": 30}}, {"probability": {"variance": 0.011716, "average": 0.861284, "min": 0.638366}, "words": "\u751f\u751f190010\u67081", "location": {"width": 80, "height": 9, "top": 158, "left": 32}}, {"probability": {"variance": 0.003734, "average": 0.968664, "min": 0.736967}, "words": "\u516c\u6c11\u8eab\u4efd\u53f7\u7801460883199010012273", "location": {"width": 145, "height": 13, "top": 207, "left": 33}}], "words_result_num": 3}