{"log_id": 6079370847895223695, "words_result_num": 3, "direction": 0, "words_result": [{"words": "\u949f\u6587", "location": {"width": 21, "left": 86, "height": 9, "top": 179}, "probability": {"average": 0.855362, "variance": 0.018699, "min": 0.718616}}, {"words": "\u5e7f\u4e1c\u7701\u7535\u81ea\u54c1\u503c\u53d1\u73e0", "location": {"width": 83, "left": 69, "height": 19, "top": 209}, "probability": {"average": 0.772405, "variance": 0.031247, "min": 0.517154}}, {"words": "\u76d0\u4efd\u53f7\u7801440923197411285117", "location": {"width": 125, "left": 71, "height": 24, "top": 235}, "probability": {"average": 0.949838, "variance": 0.013296, "min": 0.448444}}]}