{"log_id": 5587840296700587953, "words_result": [{"location": {"left": 523, "top": 301, "height": 180, "width": 34}, "words": "\u9648\u65e5\u7f8e", "probability": {"variance": 0.003157, "average": 0.951833, "min": 0.872503}}, {"location": {"left": 418, "top": 301, "height": 305, "width": 32}, "words": "\u51fa\u751f190611\u670830", "probability": {"variance": 0.031836, "average": 0.74986, "min": 0.439298}}, {"location": {"left": 365, "top": 302, "height": 362, "width": 30}, "words": "\u5e7f\u4e1c\u7701\u5ea6\u540d\u5e02\u6e2f\u533a\u89d2", "probability": {"variance": 0.050441, "average": 0.804774, "min": 0.422795}}, {"location": {"left": 226, "top": 303, "height": 553, "width": 43}, "words": "\u516c\u6211\u8eab\u4efd\u53f7440923198611302633", "probability": {"variance": 0.025925, "average": 0.939981, "min": 0.373543}}], "words_result_num": 4, "direction": 3}