{"log_id": 3246012035915459568, "direction": 0, "words_result": [{"probability": {"variance": 0.067883, "average": 0.809572, "min": 0.359698}, "words": "m\u5218\u534e\u519b", "location": {"width": 67, "height": 17, "top": 94, "left": 38}}, {"probability": {"variance": 0.045667, "average": 0.826294, "min": 0.35624}, "words": "\u5740\u5e7f\u4e1c\u7701\u7535\u767d\u54c1\u6c99\u73bb\u89c2\u9752", "location": {"width": 95, "height": 9, "top": 142, "left": 61}}, {"probability": {"variance": 0.010685, "average": 0.913819, "min": 0.737418}, "words": "\u4e0b\u74e6\u5858\u6751", "location": {"width": 31, "height": 10, "top": 152, "left": 75}}, {"probability": {"variance": 0.003448, "average": 0.972236, "min": 0.791638}, "words": "\u516c\u8eab\u4e16\u53f7\u53ef44092319691006543X", "location": {"width": 161, "height": 17, "top": 176, "left": 52}}], "words_result_num": 4}