{"log_id": 1435688237154959537, "words_result": [{"location": {"left": 74, "top": 107, "height": 150, "width": 10}, "words": "L020902\u22206LE260\u2019\u667a\u5236", "probability": {"variance": 0.047283, "average": 0.771455, "min": 0.396189}}], "words_result_num": 1, "direction": 1}