{"log_id": 1670797022416931633, "words_result": [{"location": {"left": 142, "top": 92, "height": 76, "width": 11}, "words": "\u6027\u671f\u7537\u6c11", "probability": {"variance": 0.003439, "average": 0.901433, "min": 0.851199}}, {"location": {"left": 128, "top": 93, "height": 93, "width": 9}, "words": "\u51fa\u751f1900\u5e746\u670827\u65e5", "probability": {"variance": 0.040336, "average": 0.826074, "min": 0.374077}}, {"location": {"left": 111, "top": 92, "height": 112, "width": 10}, "words": "\u4f4f\u5740\u5e7f\u4e1c\u7701\u4fe1\u5b9c\u5e02\u6731\u5999\u9547\u53cc", "probability": {"variance": 0.035904, "average": 0.842231, "min": 0.423347}}, {"location": {"left": 69, "top": 92, "height": 171, "width": 12}, "words": "\u516c\u7684\u8bb0440921199006275130", "probability": {"variance": 0.011633, "average": 0.962347, "min": 0.527281}}], "words_result_num": 4, "direction": 3}