{"log_id": 7888802057484985456, "direction": 0, "words_result": [{"probability": {"variance": 0.031765, "average": 0.845081, "min": 0.563977}, "words": "\u540d\u8bb8\u5fd7\u5f3a", "location": {"width": 53, "height": 10, "top": 130, "left": 53}}, {"probability": {"variance": 0.035341, "average": 0.782847, "min": 0.369753}, "words": "\u51fa1000\u5e749\u670828\u76ee", "location": {"width": 89, "height": 9, "top": 162, "left": 54}}, {"probability": {"variance": 0.019382, "average": 0.867466, "min": 0.61402}, "words": "\u4e1c\u7701\u7535\u81ea\u7684\u95e8\u9547\u77f3", "location": {"width": 75, "height": 9, "top": 178, "left": 85}}, {"probability": {"variance": 0.013307, "average": 0.963023, "min": 0.448054}, "words": "\u516c\u6c11\u4efd\u53f7\u7801440923199309281039", "location": {"width": 163, "height": 9, "top": 217, "left": 55}}], "words_result_num": 4}