{"words_result_num": 4, "direction": 0, "log_id": 1543553898290652398, "words_result": [{"location": {"left": 50, "top": 155, "width": 55, "height": 12}, "probability": {"min": 0.800941, "average": 0.949617, "variance": 0.007369}, "words": "\u540d\u9ec4\u56db\u9f50"}, {"location": {"left": 49, "top": 187, "width": 95, "height": 12}, "probability": {"min": 0.761711, "average": 0.955152, "variance": 0.005704}, "words": "\u51fa\u751f1973\u5e744\u670822\u65e5"}, {"location": {"left": 48, "top": 205, "width": 114, "height": 11}, "probability": {"min": 0.357496, "average": 0.918452, "variance": 0.035811}, "words": "\u5e7f\u4e1c\u7701\u9f99\u95e8\u66b4\u6c38\u6c49\u9547\u6cb9"}, {"location": {"left": 47, "top": 247, "width": 180, "height": 16}, "probability": {"min": 0.627177, "average": 0.970473, "variance": 0.00631}, "words": "\u516c\u6c11\u8eab\u4efd\u53f7\u5988441324197304223628"}]}