{"log_id": 6724282423566574128, "direction": 1, "words_result": [{"probability": {"variance": 0.022089, "average": 0.83858, "min": 0.509263}, "words": "s0\u22201606\u22206L0L?\u56de", "location": {"width": 12, "height": 152, "top": 20, "left": 81}}, {"probability": {"variance": 0.086688, "average": 0.67151, "min": 0.367761}, "words": "6\u5f5366L\u8f66", "location": {"width": 9, "height": 87, "top": 18, "left": 133}}], "words_result_num": 2}