{"log_id": 7443012093307070353, "words_result": [{"location": {"left": 46, "top": 133, "height": 8, "width": 40}, "words": "\u4f55\u6587\u7533", "probability": {"variance": 0.038882, "average": 0.80649, "min": 0.53456}}, {"location": {"left": 47, "top": 145, "height": 8, "width": 53}, "words": "\u7537\u4e16", "probability": {"variance": 0.028695, "average": 0.697468, "min": 0.528072}}, {"location": {"left": 46, "top": 195, "height": 12, "width": 121}, "words": "\u6d77\u7269\u7801441425198004136830", "probability": {"variance": 0.041385, "average": 0.80636, "min": 0.374871}}], "words_result_num": 3, "direction": 0}