{"log_id": 6108423257227395951, "words_result_num": 4, "direction": 0, "words_result": [{"words": "\u59d3\u540d\u5434\u6625\u8f89", "location": {"width": 49, "left": 52, "height": 9, "top": 148}, "probability": {"average": 0.884179, "variance": 0.021897, "min": 0.624123}}, {"words": "\u751f319e\u5e74321\u65e5", "location": {"width": 81, "left": 52, "height": 9, "top": 176}, "probability": {"average": 0.710385, "variance": 0.046608, "min": 0.380598}}, {"words": "\u5e7f\u4e1c\u7701\u5174\u5b81\u5e02\u53f6\u5858\u9547\u4e09\u53e3", "location": {"width": 97, "left": 51, "height": 9, "top": 191}, "probability": {"average": 0.91673, "variance": 0.010532, "min": 0.642719}}, {"words": "\u6c11\u821e\u4efd\u53f7\u7801441425196903213592", "location": {"width": 141, "left": 58, "height": 12, "top": 227}, "probability": {"average": 0.95553, "variance": 0.017108, "min": 0.402357}}]}