{"log_id": 6631637472935015119, "words_result_num": 4, "direction": 3, "words_result": [{"words": "\u59d3\u540d\u9ec4\u5929\u4e91", "location": {"width": 12, "left": 157, "height": 62, "top": 110}, "probability": {"average": 0.973655, "variance": 0.00234, "min": 0.876976}}, {"words": "10\u670814\u65e5", "location": {"width": 10, "left": 124, "height": 40, "top": 174}, "probability": {"average": 0.959384, "variance": 0.00312, "min": 0.836473}}, {"words": "\u4f4f\u5740\u5e7f\u4e1c\u7701\u5174\u5b81\u5e02\u5927\u576a\u9547\u5434\u7530", "location": {"width": 17, "left": 100, "height": 123, "top": 111}, "probability": {"average": 0.964345, "variance": 0.003855, "min": 0.778592}}, {"words": "\u6c11\u8eab\u4efd\u53f7\u780144142519681014337X", "location": {"width": 22, "left": 53, "height": 178, "top": 121}, "probability": {"average": 0.984041, "variance": 0.004074, "min": 0.685465}}]}