{"log_id": 7972184545014135983, "words_result_num": 4, "direction": 0, "words_result": [{"words": "\u5973\u6211\u6c49", "location": {"width": 61, "left": 64, "height": 11, "top": 173}, "probability": {"average": 0.74451, "variance": 0.05195, "min": 0.42476}}, {"words": "\u5e743\u670810\u65e5", "location": {"width": 55, "left": 91, "height": 11, "top": 190}, "probability": {"average": 0.980366, "variance": 0.000365, "min": 0.945913}}, {"words": "\u5740(\u5e7f\u4e1c\u7701\u6885\u53bf\u677e\u53e3\u9547\u56db\u793e\u6750", "location": {"width": 131, "left": 35, "height": 14, "top": 208}, "probability": {"average": 0.849902, "variance": 0.033084, "min": 0.459405}}, {"words": "\u516c\u6c11\u8eab\u4efd\u53f7\u7801441421198103104420", "location": {"width": 203, "left": 35, "height": 15, "top": 256}, "probability": {"average": 0.937812, "variance": 0.023329, "min": 0.435692}}]}