{"log_id": 7194388123296630640, "direction": 1, "words_result": [{"probability": {"variance": 0.027289, "average": 0.782337, "min": 0.435755}, "words": "191\u2220020961s291+?b\u56de", "location": {"width": 32, "height": 538, "top": 308, "left": 170}}, {"probability": {"variance": 0.051759, "average": 0.689239, "min": 0.445031}, "words": "\u4e2d\u56fe\u56fe", "location": {"width": 28, "height": 216, "top": 386, "left": 268}}], "words_result_num": 2}