{"log_id": 4334344662891751248, "direction": 3, "words_result": [{"probability": {"variance": 0.005064, "average": 0.886048, "min": 0.814885}, "words": "\u6797\u6653", "location": {"width": 8, "height": 25, "top": 139, "left": 168}}, {"probability": {"variance": 0.03869, "average": 0.622315, "min": 0.422665}, "words": "\u7c7bR\u6c49", "location": {"width": 8, "height": 59, "top": 125, "left": 153}}, {"probability": {"variance": 0.050898, "average": 0.728807, "min": 0.375955}, "words": "\u51fa\u751f1009\u5e745\u67086", "location": {"width": 10, "height": 77, "top": 115, "left": 139}}, {"probability": {"variance": 0.010137, "average": 0.955926, "min": 0.615195}, "words": "\u516c\u6c11\u8eab\u4efd\u53f7\u7801445224199905060059", "location": {"width": 16, "height": 159, "top": 115, "left": 84}}], "words_result_num": 4}