{"log_id": 4612548549573892817, "words_result": [{"location": {"left": 47, "top": 153, "height": 13, "width": 50}, "words": "\u7535\u5d4c\u5fd7\u534e", "probability": {"variance": 0.055686, "average": 0.764792, "min": 0.475814}}, {"location": {"left": 36, "top": 189, "height": 11, "width": 101}, "words": "\u51fa\u751f11\u5e741\u67082", "probability": {"variance": 0.039394, "average": 0.844194, "min": 0.437121}}, {"location": {"left": 37, "top": 253, "height": 11, "width": 184}, "words": "\u516c\u9f3b\u5206\u53f7445381199101121111", "probability": {"variance": 0.002756, "average": 0.984517, "min": 0.748248}}], "words_result_num": 3, "direction": 0}