{"log_id": 2702016912952928944, "direction": 3, "words_result": [{"probability": {"variance": 0.055875, "average": 0.766473, "min": 0.385741}, "words": "\u7136\u540d\u9ec4\u5fd7\u559c", "location": {"width": 11, "height": 53, "top": 90, "left": 170}}, {"probability": {"variance": 0.041619, "average": 0.821123, "min": 0.376092}, "words": "\u51fa\u751f19\u5e7412\u670825\u65e5", "location": {"width": 8, "height": 91, "top": 90, "left": 140}}, {"probability": {"variance": 0.024062, "average": 0.869416, "min": 0.592874}, "words": "\u4f4ft\u5e7f\u4e1c\u4e91\u5e02\u90c1\u5357\u54c1\u5357\u6c5f", "location": {"width": 9, "height": 108, "top": 89, "left": 123}}, {"probability": {"variance": 0.007804, "average": 0.968136, "min": 0.585486}, "words": "\u516c\u6c11\u8eab\u4efd\u53f7\u7801445322199812255511", "location": {"width": 9, "height": 165, "top": 89, "left": 83}}], "words_result_num": 4}