{"log_id": 3327197117354831151, "words_result_num": 4, "direction": 0, "words_result": [{"words": "\u7518\u4e66\u5e73", "location": {"width": 26, "left": 57, "height": 9, "top": 154}, "probability": {"average": 0.815184, "variance": 0.014854, "min": 0.656713}}, {"words": "\u5e7f\u897f\u8d35\u6e2f\u5e02\u7cd6\u533a\u5927\u7684\u4e61", "location": {"width": 96, "left": 34, "height": 9, "top": 198}, "probability": {"average": 0.765071, "variance": 0.06381, "min": 0.356051}}, {"words": "\u53e4\u5e73\u6751\u53ef\u753540\u53f7", "location": {"width": 55, "left": 57, "height": 8, "top": 208}, "probability": {"average": 0.749561, "variance": 0.056944, "min": 0.365587}}, {"words": "\u516c\u6c11\u8eab\u4efd\u53f7\u7801450802198708204639", "location": {"width": 152, "left": 35, "height": 12, "top": 234}, "probability": {"average": 0.973035, "variance": 0.006662, "min": 0.596002}}]}