{"log_id": 570102122007759472, "direction": 3, "words_result": [{"probability": {"variance": 0.017576, "average": 0.870534, "min": 0.664482}, "words": "5\u674e\u6587\u9f99", "location": {"width": 16, "height": 62, "top": 92, "left": 156}}, {"probability": {"variance": 0.000513, "average": 0.963999, "min": 0.921985}, "words": "10\u67081\u65e5", "location": {"width": 9, "height": 40, "top": 151, "left": 125}}, {"probability": {"variance": 0.000129, "average": 0.987746, "min": 0.976375}, "words": "\u4e4c\u77f3", "location": {"width": 11, "height": 27, "top": 149, "left": 106}}, {"probability": {"variance": 0.006115, "average": 0.982457, "min": 0.607683}, "words": "\u516c\u6c11\u8eab\u4efd\u53f7\u7801450922199010012972", "location": {"width": 30, "height": 189, "top": 84, "left": 50}}], "words_result_num": 4}