{"log_id": 6843425712134141648, "direction": 3, "words_result": [{"probability": {"variance": 0.0, "average": 0.999993, "min": 0.999988}, "words": "\u6b66\u624d", "location": {"width": 14, "height": 27, "top": 106, "left": 157}}, {"probability": {"variance": 0.001969, "average": 0.967185, "min": 0.862426}, "words": "\u5e7f\u897f\u6a2a\u53bf\u9a6c\u5cad\u9547\u9f99\u576a\u6751\u59d4", "location": {"width": 13, "height": 108, "top": 94, "left": 96}}, {"probability": {"variance": 2e-06, "average": 0.99901, "min": 0.994681}, "words": "452122197608206316", "location": {"width": 23, "height": 149, "top": 128, "left": 39}}], "words_result_num": 3}