{"log_id": 7146070286995500176, "direction": 0, "words_result": [{"probability": {"variance": 0.04439, "average": 0.699631, "min": 0.455555}, "words": "\u6027\u7537\u6c11", "location": {"width": 60, "height": 8, "top": 193, "left": 53}}, {"probability": {"variance": 0.028528, "average": 0.716142, "min": 0.496081}, "words": "\u67082\u65e5", "location": {"width": 90, "height": 16, "top": 202, "left": 51}}, {"probability": {"variance": 0.038615, "average": 0.769405, "min": 0.425081}, "words": "\u5e7f\u897f\u6a2a\u54c1\u6a2a\u5dde\u9547\u516c\u56db", "location": {"width": 90, "height": 9, "top": 223, "left": 51}}, {"probability": {"variance": 0.000145, "average": 0.994346, "min": 0.947975}, "words": "45212219761220001", "location": {"width": 136, "height": 18, "top": 257, "left": 76}}], "words_result_num": 4}