{"log_id": 5362293308326196432, "direction": 3, "words_result": [{"probability": {"variance": 0.004908, "average": 0.978444, "min": 0.658427}, "words": "\u516c\u6c11\u8eab\u4efd\u53f7\u7801452123198909032218", "location": {"width": 58, "height": 891, "top": 520, "left": 278}}], "words_result_num": 1}