{"words_result_num": 4, "direction": 0, "log_id": 3458705870927881582, "words_result": [{"location": {"left": 26, "top": 138, "width": 95, "height": 12}, "probability": {"min": 0.661337, "average": 0.945464, "variance": 0.008169}, "words": "\u51fa\u751f190\u5e7412\u670811\u65e5"}, {"location": {"left": 27, "top": 155, "width": 109, "height": 12}, "probability": {"min": 0.636788, "average": 0.931118, "variance": 0.01381}, "words": "\u4f4ft\u5e7f\u897f\u6765\u5bbe\u5e02\u5174\u5bbe\u533a\u5e73\u9633\u9547"}, {"location": {"left": 53, "top": 166, "width": 79, "height": 10}, "probability": {"min": 0.596214, "average": 0.885375, "variance": 0.022484}, "words": "\u6d1b\u6625\u6751\u6c11\u8981\u4e2d\u67513\u53f7"}, {"location": {"left": 37, "top": 193, "width": 164, "height": 14}, "probability": {"min": 0.918589, "average": 0.991129, "variance": 0.000454}, "words": "\u6c11\u8eab\u4efd\u53f7\u7801452226198012114213"}]}