{"log_id": 5429271627851699791, "words_result_num": 2, "direction": 3, "words_result": [{"words": "\u5468\u9752\u5170", "location": {"width": 10, "left": 186, "height": 23, "top": 119}, "probability": {"average": 0.908129, "variance": 0.004086, "min": 0.834541}}, {"words": "\u6c11\u4efd\u53f7\u7801452332196411112163", "location": {"width": 12, "left": 115, "height": 126, "top": 106}, "probability": {"average": 0.957539, "variance": 0.003688, "min": 0.800578}}]}