{"direction": 3, "words_result_num": 3, "log_id": 6216501221774329009, "words_result": [{"words": "3\u6708278", "probability": {"average": 0.954291, "variance": 0.002134, "min": 0.875696}, "location": {"left": 124, "width": 24, "height": 48, "top": 173}}, {"words": "\u6eaa\u5e02\u6c34\u6ca1\u5c1a\u4ec1\u6751", "probability": {"average": 0.780313, "variance": 0.060248, "min": 0.359704}, "location": {"left": 107, "width": 32, "height": 69, "top": 173}}, {"words": "\u8eab\u4efd\u6bcd\u7801452421196603271413", "probability": {"average": 0.97114, "variance": 0.006446, "min": 0.636034}, "location": {"left": 63, "width": 56, "height": 145, "top": 162}}]}