{"log_id": 7195267347809054576, "direction": 0, "words_result": [{"probability": {"variance": 0.041129, "average": 0.862377, "min": 0.511991}, "words": "\u6027\u522b\u7537\u6c11", "location": {"width": 57, "height": 9, "top": 155, "left": 36}}, {"probability": {"variance": 0.000347, "average": 0.981969, "min": 0.936494}, "words": "\u51fa\u751f1971\u5e748\u67082\u65e5", "location": {"width": 98, "height": 12, "top": 170, "left": 36}}, {"probability": {"variance": 0.048406, "average": 0.812849, "min": 0.445807}, "words": "\u4f4ft\u5e7f\u897f\u4e3e\u6eaa\u5e02\u5c91\u57ce\u9547\u57df\u4e1c\u8def", "location": {"width": 115, "height": 13, "top": 188, "left": 36}}, {"probability": {"variance": 0.00053, "average": 0.991619, "min": 0.891248}, "words": "\u516c\u6c11\u8eab\u4efd\u53f7\u7801452421197108020419", "location": {"width": 177, "height": 18, "top": 229, "left": 36}}], "words_result_num": 4}