{"log_id": 2075581769169344176, "direction": 3, "words_result": [{"probability": {"variance": 1.7e-05, "average": 0.995806, "min": 0.990394}, "words": "\u540d\u4f59\u5c0f\u7fa4", "location": {"width": 10, "height": 55, "top": 92, "left": 167}}, {"probability": {"variance": 0.00401, "average": 0.962216, "min": 0.822423}, "words": "\u751f1972\u5e744\u670815\u65e5", "location": {"width": 10, "height": 80, "top": 104, "left": 135}}, {"probability": {"variance": 0.020282, "average": 0.880636, "min": 0.494878}, "words": "\u5e7f\u897f\u5bcc\u5ddd\u9065\u65cf\u81ea\u6cbb\u53bf\u5bcc\u9633", "location": {"width": 9, "height": 108, "top": 93, "left": 119}}, {"probability": {"variance": 0.000976, "average": 0.987295, "min": 0.87461}, "words": "\u516c\u6c11\u8eab\u4efd\u53f7\u7801452428197204150541", "location": {"width": 9, "height": 160, "top": 95, "left": 80}}], "words_result_num": 4}