{"log_id": 6918673864175290863, "words_result_num": 3, "direction": 0, "words_result": [{"words": "\u601d\u6c34\u519b", "location": {"width": 41, "left": 77, "height": 9, "top": 189}, "probability": {"average": 0.635849, "variance": 0.054954, "min": 0.371282}}, {"words": "\u56fe\u6cbb\u4e1a", "location": {"width": 83, "left": 76, "height": 9, "top": 226}, "probability": {"average": 0.707425, "variance": 0.056361, "min": 0.405983}}, {"words": "\u6211\u8eab\u4efd\u53f7\u7801452428198208302519", "location": {"width": 130, "left": 75, "height": 20, "top": 253}, "probability": {"average": 0.94038, "variance": 0.012703, "min": 0.503059}}]}