{"log_id": 6277929697716824464, "direction": 3, "words_result": [{"probability": {"variance": 1.3e-05, "average": 0.995987, "min": 0.990185}, "words": "\u59d3\u540d\u6797\u4ef2\u4e3a", "location": {"width": 14, "height": 68, "top": 71, "left": 189}}, {"probability": {"variance": 0.015414, "average": 0.936525, "min": 0.586953}, "words": "\u4f4f\u5740\u5e7f\u897f\u8d35\u6e2f\u5e02\u7f69\u5858\u533a\u77f3\u5361\u9547", "location": {"width": 11, "height": 135, "top": 72, "left": 130}}, {"probability": {"variance": 0.002872, "average": 0.968681, "min": 0.829296}, "words": "\u798f\u9f99\u6751\u5bfa\u5cad\u5c6f29\u53f7", "location": {"width": 10, "height": 77, "top": 103, "left": 117}}, {"probability": {"variance": 9.6e-05, "average": 0.996837, "min": 0.953518}, "words": "\u516c\u6c11\u8eab\u4efd\u53f7\u7801452502198307134313", "location": {"width": 12, "height": 204, "top": 73, "left": 81}}], "words_result_num": 4}