{"log_id": 6923278711189575184, "direction": 0, "words_result": [{"probability": {"variance": 0.000106, "average": 0.970444, "min": 0.961267}, "words": "\u540d\u9648\u79c0\u82ac", "location": {"width": 45, "height": 11, "top": 161, "left": 45}}, {"probability": {"variance": 0.060968, "average": 0.723117, "min": 0.39489}, "words": "\u53c2\u90a3\u5e9c\u6750\u5bb6\u5e73\u541012\u53f7", "location": {"width": 65, "height": 8, "top": 211, "left": 66}}, {"probability": {"variance": 0.016211, "average": 0.93997, "min": 0.551382}, "words": "\u516c\u6c11\u8eab\u4efd\u53f7\u7801452631198806034429", "location": {"width": 137, "height": 9, "top": 236, "left": 46}}], "words_result_num": 3}