{"log_id": 7280857166698264207, "words_result_num": 2, "direction": 1, "words_result": [{"words": "8000662292\u6807\u7b49", "location": {"width": 10, "left": 62, "height": 154, "top": 93}, "probability": {"average": 0.710361, "variance": 0.050337, "min": 0.355801}}, {"words": "89*066", "location": {"width": 8, "left": 117, "height": 87, "top": 91}, "probability": {"average": 0.895105, "variance": 0.019364, "min": 0.608038}}]}