{"log_id": 9075155492066925072, "direction": 0, "words_result": [{"probability": {"variance": 0.025072, "average": 0.766794, "min": 0.559559}, "words": "\u540d\u51cc\u5929\u653f", "location": {"width": 39, "height": 10, "top": 128, "left": 52}}, {"probability": {"variance": 0.000234, "average": 0.657142, "min": 0.641845}, "words": ",\u7537", "location": {"width": 53, "height": 10, "top": 143, "left": 52}}, {"probability": {"variance": 0.018767, "average": 0.894613, "min": 0.585776}, "words": "\u623f\u53f745242319650602752", "location": {"width": 111, "height": 9, "top": 193, "left": 59}}], "words_result_num": 3}