{"words_result_num": 4, "direction": 3, "log_id": 922235107643837134, "words_result": [{"location": {"left": 162, "top": 45, "width": 14, "height": 64}, "probability": {"min": 0.667167, "average": 0.830258, "variance": 0.026599}, "words": "\u7537\u6c49"}, {"location": {"left": 152, "top": 46, "width": 8, "height": 77}, "probability": {"min": 0.46014, "average": 0.75692, "variance": 0.033913}, "words": "\u91cd196340\u67080"}, {"location": {"left": 137, "top": 45, "width": 9, "height": 92}, "probability": {"min": 0.362684, "average": 0.739815, "variance": 0.045547}, "words": "\u4f4f\u91cd\u6b21\u5e02\u91cf\u5c71\u4e09\u53f0\u573a"}, {"location": {"left": 100, "top": 44, "width": 13, "height": 143}, "probability": {"min": 0.520555, "average": 0.929169, "variance": 0.018973}, "words": "\u516c\u6c11\u8eab\u4efd\u660e\u7801510232196310104411"}]}