{"direction": 0, "words_result_num": 4, "log_id": 4805877172508970097, "words_result": [{"words": "\u5e748\u670826\u65e5", "probability": {"average": 0.940081, "variance": 0.007623, "min": 0.747143}, "location": {"left": 81, "width": 48, "height": 12, "top": 168}}, {"words": "\u4efb\u5740\u56db\u5ddd\u7701\u81ea\u8d21\u5e02\u81ea\u8d23\u4e95\u533a\u5927", "probability": {"average": 0.773912, "variance": 0.056443, "min": 0.36184}, "location": {"left": 37, "width": 109, "height": 12, "top": 183}}, {"words": "\u5ca9\u6d4f\u4e59\u5e6222\u53f7", "probability": {"average": 0.839404, "variance": 0.051119, "min": 0.374538}, "location": {"left": 62, "width": 52, "height": 9, "top": 194}}, {"words": "\u516c\u6c11\u8eab\u4efd\u53f7\u7801510322198008267692", "probability": {"average": 0.940165, "variance": 0.01787, "min": 0.475677}, "location": {"left": 40, "width": 161, "height": 11, "top": 222}}]}