{"log_id": 1527918633061535888, "direction": 3, "words_result": [{"probability": {"variance": 0.050481, "average": 0.728788, "min": 0.404567}, "words": "\u540d\u949f\u826f\u5e73", "location": {"width": 10, "height": 52, "top": 111, "left": 163}}, {"probability": {"variance": 0.00445, "average": 0.65256, "min": 0.576951}, "words": "\u4ef6\u7537\u552e", "location": {"width": 12, "height": 73, "top": 110, "left": 146}}, {"probability": {"variance": 0.019553, "average": 0.929389, "min": 0.350927}, "words": "\u516c\u6c11\u8eab\u4efd\u53f7\u7801511025199901195810", "location": {"width": 9, "height": 166, "top": 109, "left": 77}}], "words_result_num": 3}