{"log_id": 4155914581945673968, "direction": 0, "words_result": [{"probability": {"variance": 0.038354, "average": 0.714339, "min": 0.406051}, "words": "\u59d3\u540d,\u537f\u660e\u91cf", "location": {"width": 59, "height": 12, "top": 89, "left": 17}}, {"probability": {"variance": 0.035902, "average": 0.821465, "min": 0.374045}, "words": "\u51fa\u751f197212\u670818", "location": {"width": 102, "height": 17, "top": 123, "left": 16}}, {"probability": {"variance": 0.021281, "average": 0.925125, "min": 0.505832}, "words": "\u4f4f\u91cf\u56db\u5ddd\u7701\u7b80\u9633\u5e02\u65b0\u661f\u4e61\u5e73\u6c5f", "location": {"width": 120, "height": 12, "top": 143, "left": 17}}, {"probability": {"variance": 0.002608, "average": 0.986609, "min": 0.745701}, "words": "\u516c\u6c11\u8eab\u4efd\u53f7\u7801511027197212186277", "location": {"width": 183, "height": 13, "top": 187, "left": 16}}], "words_result_num": 4}