{"log_id": 285055596532957872, "direction": 0, "words_result": [{"probability": {"variance": 0.022235, "average": 0.87954, "min": 0.54822}, "words": "\u51fa\u751f1988\u5e7410\u67086\u65e5", "location": {"width": 93, "height": 10, "top": 155, "left": 38}}, {"probability": {"variance": 0.03153, "average": 0.891687, "min": 0.40227}, "words": "\u4f4f\u5740\u56db\u7528\u7701\u5185\u6c5f\u5e02\u4e1c\u5174\u533a\u767d\u820d", "location": {"width": 108, "height": 9, "top": 172, "left": 38}}, {"probability": {"variance": 0.007368, "average": 0.929702, "min": 0.711155}, "words": "\u7834\u9a6c\u67519\u7ec451\u53f7", "location": {"width": 60, "height": 9, "top": 183, "left": 63}}, {"probability": {"variance": 0.014451, "average": 0.957115, "min": 0.488769}, "words": "\u516c\u6c11\u8eab\u4efd\u53f7\u7801511011198810067618", "location": {"width": 168, "height": 12, "top": 212, "left": 40}}], "words_result_num": 4}