{"words_result_num": 4, "direction": 0, "log_id": 6430761868675992366, "words_result": [{"location": {"left": 44, "top": 202, "width": 96, "height": 14}, "probability": {"min": 0.492541, "average": 0.72562, "variance": 0.046757}, "words": "\u5f53\u751f1548H"}, {"location": {"left": 42, "top": 217, "width": 114, "height": 17}, "probability": {"min": 0.404694, "average": 0.780239, "variance": 0.050119}, "words": "\u7ea2\u575b\u7701\u8d44\u53e3\u613f\u53cc\u9f99\u4e5d\u5b9a"}, {"location": {"left": 68, "top": 231, "width": 41, "height": 12}, "probability": {"min": 0.494625, "average": 0.81958, "variance": 0.031824}, "words": "\u67519t40\u53f7"}, {"location": {"left": 40, "top": 258, "width": 185, "height": 23}, "probability": {"min": 0.761782, "average": 0.98703, "variance": 0.002359}, "words": "\u516c\u6c11\u8eab\u4efd\u53f7511025198904086359"}]}