{"words_result_num": 4, "direction": 0, "log_id": 2121375450766272334, "words_result": [{"location": {"left": 48, "top": 166, "width": 45, "height": 11}, "probability": {"min": 0.993195, "average": 0.995903, "variance": 7e-06}, "words": "\u5189\u56fd"}, {"location": {"left": 48, "top": 181, "width": 67, "height": 9}, "probability": {"min": 0.475188, "average": 0.733302, "variance": 0.066623}, "words": "\u7537\u6c11"}, {"location": {"left": 49, "top": 209, "width": 96, "height": 9}, "probability": {"min": 0.380594, "average": 0.809794, "variance": 0.050151}, "words": "\u4f4f\u56db\u4e0e\u7701\u8425\u5c71\u53bf\u5c0f\u6865\u5f3a\u94c1\u8d28"}, {"location": {"left": 50, "top": 244, "width": 145, "height": 10}, "probability": {"min": 0.839128, "average": 0.979695, "variance": 0.001597}, "words": "\u516c\u6c11\u4efd\u53f751132219760801277X"}]}