{"log_id": 9030030047162252208, "direction": 0, "words_result": [{"probability": {"variance": 0.023264, "average": 0.881398, "min": 0.62434}, "words": "\u540d\u5468\u6d77\u5e73", "location": {"width": 46, "height": 10, "top": 169, "left": 39}}, {"probability": {"variance": 0.065524, "average": 0.713661, "min": 0.36256}, "words": "\u5ddd\u7701\u5357\u5e02\u559c\u533a\u674e", "location": {"width": 90, "height": 10, "top": 208, "left": 39}}, {"probability": {"variance": 0.010132, "average": 0.874807, "min": 0.70679}, "words": "\u9547\u5883\u67511316\u53f7", "location": {"width": 57, "height": 7, "top": 219, "left": 61}}, {"probability": {"variance": 0.002304, "average": 0.980009, "min": 0.787556}, "words": "\u516c\u6c11\u4ef7\u53f7\u780151130419810915103", "location": {"width": 134, "height": 10, "top": 242, "left": 41}}], "words_result_num": 4}