{"log_id": 686330226030396719, "words_result_num": 4, "direction": 3, "words_result": [{"words": "\u540d\u8d75\u4e07\u82b3", "location": {"width": 12, "left": 136, "height": 55, "top": 88}, "probability": {"average": 0.931925, "variance": 0.013064, "min": 0.733956}}, {"words": "\u6027\u5f71\u5973\u6c11\u6240\u6c49", "location": {"width": 11, "left": 121, "height": 75, "top": 88}, "probability": {"average": 0.740312, "variance": 0.060066, "min": 0.352455}}, {"words": "\u91cd\u5e86\u5e02\u5fe0\u53bf\u4e1c\u4e70\u94fa\u5b9d\u73e0\u6751", "location": {"width": 9, "left": 89, "height": 108, "top": 89}, "probability": {"average": 0.744415, "variance": 0.044511, "min": 0.37987}}, {"words": "\u516c\u6c11\u8eab\u4efd\u53f7\u7801512223197404132165", "location": {"width": 11, "left": 49, "height": 165, "top": 90}, "probability": {"average": 0.96708, "variance": 0.005911, "min": 0.690343}}]}