{"log_id": 6706079555623853327, "words_result_num": 4, "direction": 0, "words_result": [{"words": "\u7537\u6c11\u6c49", "location": {"width": 83, "left": 35, "height": 11, "top": 174}, "probability": {"average": 0.99323, "variance": 4.7e-05, "min": 0.983519}}, {"words": "9\u5e748\u670811\u65e5", "location": {"width": 65, "left": 73, "height": 9, "top": 193}, "probability": {"average": 0.882653, "variance": 0.029731, "min": 0.502189}}, {"words": "\u91cf\u91cd\u5e86\u5e02\u6574\u6c5f\u53bf\u592a\u5e73\u9547\u77f3\u826f", "location": {"width": 124, "left": 33, "height": 13, "top": 210}, "probability": {"average": 0.885101, "variance": 0.042738, "min": 0.367486}}, {"words": "\u516c\u6c11\u8eab\u4efd\u53f7\u7801512322196908116438", "location": {"width": 185, "left": 35, "height": 16, "top": 254}, "probability": {"average": 0.952562, "variance": 0.016369, "min": 0.479258}}]}