{"log_id": 367537508386870831, "words_result_num": 4, "direction": 0, "words_result": [{"words": "\u4f0f\u4ece\u4fca", "location": {"width": 49, "left": 42, "height": 9, "top": 130}, "probability": {"average": 0.921814, "variance": 0.008786, "min": 0.790001}}, {"words": "\u51fa\u751f19655\u5e7411\u670827", "location": {"width": 83, "left": 43, "height": 9, "top": 159}, "probability": {"average": 0.845756, "variance": 0.02096, "min": 0.466993}}, {"words": "\u56db\u7528\u9762\u5348\u5317\u95e8\u4e61\u795e\u671b", "location": {"width": 99, "left": 42, "height": 10, "top": 173}, "probability": {"average": 0.612273, "variance": 0.050034, "min": 0.37445}}, {"words": "\u516c\u6c11\u5206\u53f7512930195511272991", "location": {"width": 150, "left": 43, "height": 10, "top": 210}, "probability": {"average": 0.968414, "variance": 0.012096, "min": 0.471881}}]}