{"log_id": 1977315259609910703, "words_result_num": 4, "direction": 0, "words_result": [{"words": "2\u751f166\u7c73222\u65e5", "location": {"width": 189, "left": 181, "height": 30, "top": 499}, "probability": {"average": 0.68798, "variance": 0.054382, "min": 0.384454}}, {"words": "\u662f\u5ddd\u7701\u9762\u4e2d\u5e02\u91d1\u5b50\u4e61", "location": {"width": 226, "left": 178, "height": 30, "top": 534}, "probability": {"average": 0.753124, "variance": 0.059616, "min": 0.409912}}, {"words": "\u6751337\u53f7", "location": {"width": 92, "left": 227, "height": 21, "top": 559}, "probability": {"average": 0.871461, "variance": 0.020228, "min": 0.59128}}, {"words": "\u516c\u6c11\u8eab\u4efd\u53f7\u7801512930196602228819", "location": {"width": 337, "left": 183, "height": 41, "top": 615}, "probability": {"average": 0.954127, "variance": 0.009653, "min": 0.588943}}]}