{"direction": 0, "words_result_num": 4, "log_id": 4690869299018241169, "words_result": [{"words": "\u9093\u5c0f\u98de", "probability": {"average": 0.951258, "variance": 0.004455, "min": 0.85688}, "location": {"left": 31, "width": 50, "height": 9, "top": 157}}, {"words": "211976\u5e7410\u670829", "probability": {"average": 0.874689, "variance": 0.022561, "min": 0.484432}, "location": {"left": 31, "width": 85, "height": 11, "top": 185}}, {"words": "\u5740\u56db\u7528\u7701\u6b66\u80dc\u4e07\u9547\u91d1\u4e50", "probability": {"average": 0.829522, "variance": 0.02782, "min": 0.577353}, "location": {"left": 31, "width": 100, "height": 9, "top": 202}}, {"words": "\u516c\u6c11\u8eab\u4efd\u53f7\u7801512928197610294616", "probability": {"average": 0.940469, "variance": 0.021644, "min": 0.494635}, "location": {"left": 31, "width": 153, "height": 10, "top": 239}}]}