{"log_id": 3923309899839005680, "direction": 0, "words_result": [{"probability": {"variance": 0.054309, "average": 0.800224, "min": 0.51004}, "words": "m\u8001\u7a0b\u6c38\u5bcc", "location": {"width": 51, "height": 12, "top": 129, "left": 43}}, {"probability": {"variance": 0.005317, "average": 0.902257, "min": 0.766452}, "words": "\u51fa19607\u67087\u65e5", "location": {"width": 85, "height": 9, "top": 159, "left": 44}}, {"probability": {"variance": 0.038318, "average": 0.847023, "min": 0.356179}, "words": "t\u56db\u540c\u7701\u5b89\u54c1\u5229\u6eaa\u9547\u82b1\u623f", "location": {"width": 100, "height": 9, "top": 175, "left": 44}}, {"probability": {"variance": 0.018041, "average": 0.93231, "min": 0.54559}, "words": "\u516c\u6c11\u8eab\u4efd\u53f7\u7801512926196907074174", "location": {"width": 151, "height": 9, "top": 211, "left": 45}}], "words_result_num": 4}