{"words_result_num": 4, "direction": 3, "log_id": 2204487306462315726, "words_result": [{"location": {"left": 147, "top": 19, "width": 10, "height": 49}, "probability": {"min": 0.407358, "average": 0.846614, "variance": 0.064352}, "words": "\u7684\u989c\u5b9a\u8f89"}, {"location": {"left": 134, "top": 18, "width": 9, "height": 68}, "probability": {"min": 0.361562, "average": 0.650015, "variance": 0.06951}, "words": "\u7537\u7968\u6c49"}, {"location": {"left": 122, "top": 22, "width": 8, "height": 79}, "probability": {"min": 0.35248, "average": 0.670404, "variance": 0.068645}, "words": "b9\u670830\u76ee"}, {"location": {"left": 73, "top": 23, "width": 8, "height": 145}, "probability": {"min": 0.663278, "average": 0.95662, "variance": 0.008097}, "words": "\u516c\u6c11\u8eab\u4efd\u53f7\u7801513023198712304613"}]}