{"log_id": 8085081790224378416, "direction": 3, "words_result": [{"probability": {"variance": 0.000346, "average": 0.989025, "min": 0.934478}, "words": "\u51fa\u751f1972\u5e748\u67088\u65e5", "location": {"width": 10, "height": 110, "top": 77, "left": 154}}, {"probability": {"variance": 0.007712, "average": 0.96413, "min": 0.662297}, "words": "\u4f4f\u5740\u56db\u5ddd\u7701\u5e73\u660c\u53bf\u9e7f\u9e23\u9547\u71d5\u5c71", "location": {"width": 15, "height": 133, "top": 73, "left": 131}}, {"probability": {"variance": 0.00148, "average": 0.9673, "min": 0.89947}, "words": "\u67511\u7ec45\u53f7", "location": {"width": 11, "height": 39, "top": 107, "left": 120}}, {"probability": {"variance": 1e-05, "average": 0.998665, "min": 0.98408}, "words": "\u516c\u6c11\u8eab\u4efd\u53f7\u7801513028197208085703", "location": {"width": 16, "height": 199, "top": 77, "left": 82}}], "words_result_num": 4}