{"words_result_num": 2, "direction": 3, "log_id": 6154121368514234062, "words_result": [{"location": {"left": 151, "top": 20, "width": 9, "height": 47}, "probability": {"min": 0.445321, "average": 0.788859, "variance": 0.04748}, "words": "n\u7a0b\u7403\u82b3"}, {"location": {"left": 124, "top": 21, "width": 8, "height": 81}, "probability": {"min": 0.351839, "average": 0.786239, "variance": 0.067279}, "words": "79\u5e747\u670821\u65e5"}]}