{"direction": 3, "words_result_num": 4, "log_id": 1652029765180266353, "words_result": [{"words": "\u8bb8\u94c1\u5f3a", "probability": {"average": 0.996307, "variance": 0.0, "min": 0.995679}, "location": {"left": 210, "width": 10, "height": 28, "top": 132}}, {"words": "\u6c11", "probability": {"average": 0.965047, "variance": 0.0, "min": 0.965047}, "location": {"left": 194, "width": 8, "height": 20, "top": 150}}, {"words": "9\u67081\u65e5", "probability": {"average": 0.915459, "variance": 0.007809, "min": 0.779235}, "location": {"left": 175, "width": 12, "height": 47, "top": 148}}, {"words": "\u516c\u6c11\u8eab\u4efd\u53f7\u7801513031197309011170", "probability": {"average": 0.959919, "variance": 0.014819, "min": 0.441163}, "location": {"left": 109, "width": 27, "height": 173, "top": 99}}]}