{"log_id": 5076938257887082031, "words_result_num": 4, "direction": 3, "words_result": [{"words": "\u94b1\u4e49\u5175", "location": {"width": 14, "left": 151, "height": 51, "top": 150}, "probability": {"average": 0.974898, "variance": 0.000545, "min": 0.943227}}, {"words": "\u7537\u6c49", "location": {"width": 9, "left": 137, "height": 47, "top": 173}, "probability": {"average": 0.90576, "variance": 0.008758, "min": 0.812177}}, {"words": "\u662f\u662f\u897f\u9700\u54c1\u95471\u53f7", "location": {"width": 16, "left": 108, "height": 107, "top": 148}, "probability": {"average": 0.613795, "variance": 0.034207, "min": 0.399995}}, {"words": "\u516c\u54c1513437198212183034", "location": {"width": 16, "left": 68, "height": 166, "top": 150}, "probability": {"average": 0.930129, "variance": 0.025142, "min": 0.426315}}]}