{"log_id": 1337761821877945744, "direction": 0, "words_result": [{"probability": {"variance": 0.020968, "average": 0.838171, "min": 0.613673}, "words": "mg\u5218\u53ec\u519b", "location": {"width": 55, "height": 13, "top": 144, "left": 35}}, {"probability": {"variance": 0.040961, "average": 0.631243, "min": 0.376441}, "words": "\u4ed6B\u7537\u6c11\u8bef", "location": {"width": 77, "height": 14, "top": 159, "left": 35}}, {"probability": {"variance": 0.0, "average": 0.800566, "min": 0.800566}, "words": "7", "location": {"width": 97, "height": 19, "top": 172, "left": 35}}, {"probability": {"variance": 0.002124, "average": 0.98356, "min": 0.813832}, "words": "\u516c\u6c11\u8eab\u4efd\u53f7\u7801513621196602177554", "location": {"width": 180, "height": 21, "top": 229, "left": 35}}], "words_result_num": 4}