{"log_id": 9063935130090718960, "direction": 3, "words_result": [{"probability": {"variance": 0.055603, "average": 0.830474, "min": 0.424007}, "words": "\u7684\u5434\u8f89\u56fd", "location": {"width": 9, "height": 45, "top": 97, "left": 132}}, {"probability": {"variance": 0.00926, "average": 0.933793, "min": 0.668374}, "words": "\u6c11\u8eab\u4efd\u53f7\u7801520203198408243910", "location": {"width": 10, "height": 138, "top": 102, "left": 57}}], "words_result_num": 2}