{"log_id": 4242184835672433872, "direction": 3, "words_result": [{"probability": {"variance": 0.067351, "average": 0.762526, "min": 0.363464}, "words": "\u540d\u9ec4\u5fd7\u6d2a", "location": {"width": 10, "height": 44, "top": 115, "left": 141}}, {"probability": {"variance": 0.034971, "average": 0.705275, "min": 0.442474}, "words": "\u6027\u7537\u6c11\u65cf\u6ca1", "location": {"width": 9, "height": 75, "top": 103, "left": 124}}, {"probability": {"variance": 0.035529, "average": 0.791084, "min": 0.490862}, "words": "\u4efb\u8d39\u5dde\u7701\u4e60\u6c34\u53bf\u585e\u9877\u9547\u5706", "location": {"width": 11, "height": 113, "top": 101, "left": 91}}, {"probability": {"variance": 0.000185, "average": 0.99256, "min": 0.94321}, "words": "\u516c\u6c11\u8eab\u4efd\u53f7\u780152213219910914793X", "location": {"width": 11, "height": 170, "top": 101, "left": 48}}], "words_result_num": 4}