{"log_id": 9074830090237528720, "direction": 0, "words_result": [{"probability": {"variance": 0.051219, "average": 0.792856, "min": 0.444773}, "words": "\u540d\u9a86\u53cc\u5175", "location": {"width": 48, "height": 10, "top": 170, "left": 37}}, {"probability": {"variance": 0.065529, "average": 0.651478, "min": 0.396452}, "words": "\u4efbt\u8d35\u5dde\u7701\u771f\u5fd9\u8d28\u81ea", "location": {"width": 97, "height": 9, "top": 213, "left": 36}}, {"probability": {"variance": 0.04733, "average": 0.790553, "min": 0.463004}, "words": "\u54c1\u5174\u6c38\u7ea2\u6750\u674e\u5bb6\u5761", "location": {"width": 76, "height": 9, "top": 222, "left": 58}}, {"probability": {"variance": 0.014328, "average": 0.95756, "min": 0.42697}, "words": "\u6c11\u6d77\u4efd\u53f7\u7801522125197509191355", "location": {"width": 139, "height": 10, "top": 248, "left": 44}}], "words_result_num": 4}