{"log_id": 5233627856217175089, "words_result": [{"location": {"left": 49, "top": 127, "height": 9, "width": 48}, "words": "\u540d\u6768\u8d39\u5bb9", "probability": {"variance": 0.039745, "average": 0.72044, "min": 0.447073}}, {"location": {"left": 52, "top": 154, "height": 8, "width": 77}, "words": "11905\u5e741\u670812\u65e5", "probability": {"variance": 0.04017, "average": 0.797831, "min": 0.361546}}, {"location": {"left": 73, "top": 176, "height": 9, "width": 72}, "words": "\u51fa\u5802\u6b96\u5927\u65f6\u4e0b", "probability": {"variance": 0.05858, "average": 0.755679, "min": 0.431667}}, {"location": {"left": 53, "top": 200, "height": 10, "width": 138}, "words": "\u516c\u6c11\u8eab\u4efd\u660e\u7801522125199501123111", "probability": {"variance": 0.027293, "average": 0.914081, "min": 0.445557}}], "words_result_num": 4, "direction": 0}