{"log_id": 3085768265245750095, "words_result_num": 4, "direction": 0, "words_result": [{"words": "n\u674e\u671d\u5143", "location": {"width": 42, "left": 55, "height": 9, "top": 134}, "probability": {"average": 0.892383, "variance": 0.020827, "min": 0.644639}}, {"words": "\u7537s", "location": {"width": 59, "left": 54, "height": 8, "top": 148}, "probability": {"average": 0.753926, "variance": 0.033933, "min": 0.569716}}, {"words": "\u751f19763\u670813", "location": {"width": 74, "left": 54, "height": 8, "top": 160}, "probability": {"average": 0.900049, "variance": 0.018992, "min": 0.585298}}, {"words": "\u516c\u6c11\u8eab\u4efd\u53f7\u5417522125", "location": {"width": 75, "left": 54, "height": 9, "top": 205}, "probability": {"average": 0.848601, "variance": 0.033827, "min": 0.425483}}]}