{"log_id": 5839436284348107536, "direction": 0, "words_result": [{"probability": {"variance": 0.00799, "average": 0.55506, "min": 0.476332}, "words": "\u4e9b\u541b\u8fd4", "location": {"width": 73, "height": 9, "top": 182, "left": 26}}, {"probability": {"variance": 0.05643, "average": 0.738579, "min": 0.353825}, "words": "2197541nE", "location": {"width": 90, "height": 10, "top": 197, "left": 27}}, {"probability": {"variance": 0.003714, "average": 0.976244, "min": 0.712857}, "words": "\u516c\u6c11\u8eab\u4e16\u53f7\u7801522123197501090012", "location": {"width": 167, "height": 12, "top": 254, "left": 23}}], "words_result_num": 3}