{"log_id": 4025422374891086479, "words_result_num": 4, "direction": 1, "words_result": [{"words": "910294\u222009861\u222022225\u7269\u6807", "location": {"width": 8, "left": 72, "height": 146, "top": 20}, "probability": {"average": 0.779251, "variance": 0.036078, "min": 0.467176}}, {"words": "\u5bfc\u5b59\u5de5\u5f02\u7b49", "location": {"width": 9, "left": 107, "height": 97, "top": 19}, "probability": {"average": 0.590438, "variance": 0.042055, "min": 0.376614}}, {"words": "\u65e59\u2220906,\u7532", "location": {"width": 9, "left": 122, "height": 125, "top": 19}, "probability": {"average": 0.717313, "variance": 0.050241, "min": 0.375827}}, {"words": "\u5e72\u5c4a\u798f", "location": {"width": 10, "left": 135, "height": 73, "top": 19}, "probability": {"average": 0.71529, "variance": 0.012495, "min": 0.557905}}]}