{"direction": 3, "words_result_num": 4, "log_id": 3408582324101148561, "words_result": [{"words": "\u6027\u522b\u7537\u6c11\u58eb\u5bb6", "probability": {"average": 0.801692, "variance": 0.046213, "min": 0.409076}, "location": {"left": 158, "width": 9, "height": 82, "top": 104}}, {"words": "\u51fa\u751f1904\u5e743\u670818\u65e5", "probability": {"average": 0.955383, "variance": 0.002733, "min": 0.824741}, "location": {"left": 142, "width": 12, "height": 95, "top": 102}}, {"words": "\u4f4f\u5740\u8d35\u5dde\u7701\u5370\u6c5f\u571f\u5bb6\u65cf\u82d7\u65cf\u81ea", "probability": {"average": 0.916123, "variance": 0.018728, "min": 0.602438}, "location": {"left": 126, "width": 10, "height": 109, "top": 104}}, {"words": "\u516c\u6c11\u8eab\u4efd\u53f7\u7801522226199403183219", "probability": {"average": 0.976379, "variance": 0.004406, "min": 0.688613}, "location": {"left": 85, "width": 10, "height": 164, "top": 105}}]}