{"words_result_num": 4, "direction": 3, "log_id": 9062954585481160334, "words_result": [{"location": {"left": 651, "top": 608, "width": 46, "height": 250}, "probability": {"min": 0.414083, "average": 0.837584, "variance": 0.060014}, "words": "\u540d\u5305\u6587\u519b"}, {"location": {"left": 516, "top": 618, "width": 38, "height": 403}, "probability": {"min": 0.373033, "average": 0.759048, "variance": 0.057658}, "words": "0336"}, {"location": {"left": 436, "top": 613, "width": 46, "height": 481}, "probability": {"min": 0.437451, "average": 0.63963, "variance": 0.034319}, "words": "\u8d39\u6d32\u7701\u8f6e\u81ea\u51fa\u5668\u5b5f"}, {"location": {"left": 264, "top": 617, "width": 42, "height": 715}, "probability": {"min": 0.468941, "average": 0.946152, "variance": 0.016508}, "words": "\u516c\u6c11\u8eab\u4efd\u53f7522229198307162412"}]}