{"direction": 3, "words_result_num": 4, "log_id": 3823764347183336913, "words_result": [{"words": "\u7684\u540d\u4f55\u817e\u9999", "probability": {"average": 0.813182, "variance": 0.046094, "min": 0.467554}, "location": {"left": 770, "width": 58, "height": 267, "top": 407}}, {"words": "19606\u67082", "probability": {"average": 0.80065, "variance": 0.040373, "min": 0.51136}, "location": {"left": 616, "width": 63, "height": 457, "top": 407}}, {"words": "\u8d39\u5dde\u7701\u601d\u5357\u54c1\u90e8\u5bb6\u9547\u79d2", "probability": {"average": 0.791602, "variance": 0.031853, "min": 0.440615}, "location": {"left": 535, "width": 66, "height": 546, "top": 405}}, {"words": "\u516c\u6c11\u8eab\u4efd\u53f7522225196006023625", "probability": {"average": 0.951977, "variance": 0.016406, "min": 0.499135}, "location": {"left": 323, "width": 104, "height": 829, "top": 414}}]}