{"log_id": 8820099805694726928, "direction": 0, "words_result": [{"probability": {"variance": 0.043029, "average": 0.875477, "min": 0.465682}, "words": "\u59d3\u540d\u718a\u5fd7\u8fde", "location": {"width": 58, "height": 12, "top": 198, "left": 43}}, {"probability": {"variance": 0.013895, "average": 0.922206, "min": 0.537935}, "words": "\u51fa\u751f1977\u5e7411\u670817\u76ee", "location": {"width": 92, "height": 9, "top": 232, "left": 44}}, {"probability": {"variance": 0.017915, "average": 0.911059, "min": 0.586215}, "words": "\u7701\u5e73\u53bf\u5c1a\u91cd\u9547\u5bb0\u8499", "location": {"width": 71, "height": 10, "top": 248, "left": 83}}, {"probability": {"variance": 0.007293, "average": 0.966204, "min": 0.619157}, "words": "\u516c\u6c11\u8eab\u4efd\u53f7\u5988522631197711178327", "location": {"width": 163, "height": 10, "top": 287, "left": 44}}], "words_result_num": 4}