{"log_id": 6298646397393215343, "words_result_num": 4, "direction": 3, "words_result": [{"words": "\u59d3\u540d\u5434\u5149\u5168", "location": {"width": 12, "left": 160, "height": 65, "top": 95}, "probability": {"average": 0.954837, "variance": 0.006159, "min": 0.7985}}, {"words": "\u751f\u30011965\u5e745\u67085\u65e5", "location": {"width": 12, "left": 124, "height": 96, "top": 108}, "probability": {"average": 0.902754, "variance": 0.02114, "min": 0.524441}}, {"words": "\u8d35\u5dde\u7701\u5251\u6cb3\u53bf\u89c2\u4e48\u4e61\u5deb\u5305", "location": {"width": 9, "left": 105, "height": 96, "top": 127}, "probability": {"average": 0.950437, "variance": 0.003657, "min": 0.823909}}, {"words": "\u516c\u6c11\u8eab\u4efd\u53f7\u5988522629196505051433", "location": {"width": 12, "left": 57, "height": 190, "top": 99}, "probability": {"average": 0.993951, "variance": 0.000442, "min": 0.894874}}]}