{"log_id": 8154244676015769456, "direction": 0, "words_result": [{"probability": {"variance": 0.001271, "average": 0.940472, "min": 0.883196}, "words": "\u540d\u7530\u5b5f\u677e", "location": {"width": 46, "height": 11, "top": 176, "left": 51}}, {"probability": {"variance": 0.040435, "average": 0.71902, "min": 0.357925}, "words": "\u751f1966\u5e744\u6708\u4efd\u76ee", "location": {"width": 81, "height": 11, "top": 203, "left": 50}}, {"probability": {"variance": 0.022252, "average": 0.839549, "min": 0.517291}, "words": "\u4f4f\u91cf\u4e91\u5357\u7701\u901a\u5e02\u9633\u533a\u5b89", "location": {"width": 97, "height": 10, "top": 218, "left": 47}}, {"probability": {"variance": 0.008175, "average": 0.952148, "min": 0.647153}, "words": "\u516c\u6c11\u8eab\u53f7\u7801532101198604192431", "location": {"width": 144, "height": 9, "top": 254, "left": 50}}], "words_result_num": 4}