{"log_id": 4590206004624190544, "direction": 3, "words_result": [{"probability": {"variance": 0.032938, "average": 0.688641, "min": 0.443846}, "words": "\u968f\u6587\u9633", "location": {"width": 41, "height": 190, "top": 254, "left": 493}}, {"probability": {"variance": 0.030437, "average": 0.864036, "min": 0.367243}, "words": "\u516c\u7136\u6d77\u4efd\u53f7\u7801532627199609240936", "location": {"width": 32, "height": 558, "top": 262, "left": 196}}], "words_result_num": 2}