{"direction": 3, "words_result_num": 1, "log_id": 9178946136784776977, "words_result": [{"words": "\u7684\u540d\u6768\u7684\u4f0d", "probability": {"average": 0.843973, "variance": 0.058274, "min": 0.370558}, "location": {"left": 150, "width": 9, "height": 49, "top": 22}}]}