{"log_id": 1550576881862261520, "direction": 0, "words_result": [{"probability": {"variance": 0.005349, "average": 0.823321, "min": 0.750183}, "words": "\u674e\u5b81", "location": {"width": 25, "height": 9, "top": 142, "left": 69}}, {"probability": {"variance": 0.017068, "average": 0.83986, "min": 0.709215}, "words": "6\u6708", "location": {"width": 26, "height": 10, "top": 167, "left": 96}}, {"probability": {"variance": 0.026761, "average": 0.771758, "min": 0.511849}, "words": "\u7701\u6587\u5c71\u58ee\u9762\u81ea", "location": {"width": 96, "height": 14, "top": 180, "left": 51}}, {"probability": {"variance": 0.032012, "average": 0.90047, "min": 0.426902}, "words": "\u516c\u6211\u8eab\u4efd\u53f7\u7801532626198110152135", "location": {"width": 139, "height": 20, "top": 209, "left": 54}}], "words_result_num": 4}