{"words_result_num": 4, "direction": 3, "log_id": 7503329430531589358, "words_result": [{"location": {"left": 113, "top": 147, "width": 11, "height": 70}, "probability": {"min": 0.63189, "average": 0.770232, "variance": 0.011148}, "words": "\u6027\u7537\u6c49"}, {"location": {"left": 98, "top": 178, "width": 11, "height": 56}, "probability": {"min": 0.410443, "average": 0.800242, "variance": 0.051895}, "words": "\u4f8b4q9\u67089\u65e5"}, {"location": {"left": 80, "top": 145, "width": 15, "height": 106}, "probability": {"min": 0.502842, "average": 0.818351, "variance": 0.029395}, "words": "\u4f4f\u91cf\u83b7\u897f\u7701\u6d0b\u54c1\u6d0b\u5dde\u9547\u5468\u5bb6"}, {"location": {"left": 35, "top": 143, "width": 21, "height": 167}, "probability": {"min": 0.719547, "average": 0.976979, "variance": 0.004601}, "words": "\u516c\u6c11\u8eab\u4efd\u53f7\u7801612323199409096018"}]}