{"words_result_num": 4, "direction": 0, "log_id": 4585575291067210894, "words_result": [{"location": {"left": 44, "top": 121, "width": 50, "height": 9}, "probability": {"min": 0.407988, "average": 0.75957, "variance": 0.079483}, "words": "\u76848\u5f20\u79ef\u53d1"}, {"location": {"left": 44, "top": 136, "width": 68, "height": 9}, "probability": {"min": 0.867489, "average": 0.917647, "variance": 0.002516}, "words": "\u7537\u6c11"}, {"location": {"left": 43, "top": 166, "width": 99, "height": 8}, "probability": {"min": 0.423259, "average": 0.784707, "variance": 0.027751}, "words": "\u897f\u7701\u897f\u6b65\u54c1\u57ce\u5173\u9547\u4e94"}, {"location": {"left": 43, "top": 203, "width": 153, "height": 9}, "probability": {"min": 0.382179, "average": 0.924501, "variance": 0.02997}, "words": "\u516c\u6c11\u8eab\u4efd\u6bcd612324196802032216"}]}