{"log_id": 9160079146245491600, "direction": 0, "words_result": [{"probability": {"variance": 0.0, "average": 0.983709, "min": 0.983709}, "words": "\u7537", "location": {"width": 66, "height": 9, "top": 71, "left": 78}}, {"probability": {"variance": 0.044922, "average": 0.657085, "min": 0.369602}, "words": "\u4f5c\u5740\u9655\u7701\u5b89\u5eb7\u5e02\u6c49\u9634\u54c1\u6d1e", "location": {"width": 97, "height": 9, "top": 100, "left": 77}}, {"probability": {"variance": 0.017694, "average": 0.774883, "min": 0.582153}, "words": "\u56fd\u897f\u660e\u6751\u516d", "location": {"width": 41, "height": 9, "top": 109, "left": 99}}, {"probability": {"variance": 0.030728, "average": 0.910396, "min": 0.391828}, "words": "\u516c\u6c11\u8eab\u5bfc\u6bcd612422198606244459", "location": {"width": 149, "height": 14, "top": 135, "left": 76}}], "words_result_num": 4}