{"log_id": 1655983824090914159, "words_result_num": 2, "direction": 0, "words_result": [{"words": "3\u5e74", "location": {"width": 411, "left": 91, "height": 46, "top": 893}, "probability": {"average": 0.6784, "variance": 0.005726, "min": 0.602728}}, {"words": "\u6c11\u8eab\u4efd\u53f7\u7801612430198311290917", "location": {"width": 696, "left": 130, "height": 44, "top": 1148}, "probability": {"average": 0.865423, "variance": 0.034197, "min": 0.360381}}]}