{"log_id": 7585153593766823247, "words_result_num": 4, "direction": 3, "words_result": [{"words": "\u540d\u5f90\u9510", "location": {"width": 12, "left": 174, "height": 35, "top": 112}, "probability": {"average": 0.680409, "variance": 0.011235, "min": 0.53754}}, {"words": "1969\u5e742\u670828\u65e5", "location": {"width": 9, "left": 149, "height": 78, "top": 103}, "probability": {"average": 0.777259, "variance": 0.048226, "min": 0.35176}}, {"words": "\u4efb\u9655\u897f\u7701\u5b50\u6d32\u54c1\u56fe\u503c", "location": {"width": 10, "left": 134, "height": 93, "top": 102}, "probability": {"average": 0.625283, "variance": 0.036744, "min": 0.359002}}, {"words": "\u516c\u89c6\u8eab\u4efd\u53f7\u5988612732196302280637", "location": {"width": 10, "left": 99, "height": 141, "top": 101}, "probability": {"average": 0.916298, "variance": 0.028499, "min": 0.418071}}]}