{"log_id": 4827298099260296909, "direction": 0, "words_result": [{"location": {"left": 181, "height": 54, "width": 394, "top": 621}, "probability": {"min": 0.374972, "variance": 0.03807, "average": 0.711053}, "words": "\u6cb3\u6751\u6b21\u4e18"}, {"location": {"left": 384, "height": 56, "width": 428, "top": 730}, "probability": {"min": 0.375586, "variance": 0.073959, "average": 0.64754}, "words": "72"}], "words_result_num": 2}