{"log_id": 5327969224959855949, "direction": 0, "words_result": [{"location": {"left": 78, "height": 46, "width": 322, "top": 264}, "probability": {"min": 0.449684, "variance": 0.03585, "average": 0.717453}, "words": "\u5362\u5fb7\u9f99"}, {"location": {"left": 297, "height": 60, "width": 822, "top": 671}, "probability": {"min": 0.908828, "variance": 0.000918, "average": 0.980802}, "words": "452724199512241015"}], "words_result_num": 2}