{"log_id": 7261258027361243853, "direction": 3, "words_result": [{"location": {"left": 636, "height": 246, "width": 43, "top": 348}, "probability": {"min": 0.363491, "variance": 0.024149, "average": 0.518889}, "words": "\u7c7b\u591a"}, {"location": {"left": 322, "height": 550, "width": 54, "top": 349}, "probability": {"min": 0.521281, "variance": 0.01228, "average": 0.657293}, "words": "4\u949f10\u540e"}], "words_result_num": 2}