{"direction": 3, "words_result_num": 2, "log_id": 2887096867707987915, "words_result": [{"words": "\u22202y900\u2220861221012", "probability": {"min": 0.374005, "average": 0.813269, "variance": 0.051051}, "location": {"width": 109, "height": 1026, "left": 843, "top": 83}}, {"words": "0\u91cf", "probability": {"min": 0.858009, "average": 0.892145, "variance": 0.001165}, "location": {"width": 66, "height": 267, "left": 633, "top": 697}}]}