{"log_id": 9155674703551696301, "direction": 0, "words_result": [{"location": {"left": 352, "height": 74, "width": 601, "top": 422}, "probability": {"min": 0.980785, "variance": 5.3e-05, "average": 0.994005}, "words": "\u4e2d\u534e\u4eba\u6c11\u5171\u548c\u56fd"}, {"location": {"left": 312, "height": 90, "width": 698, "top": 511}, "probability": {"min": 0.999564, "variance": 0.0, "average": 0.999817}, "words": "\u5c45\u6c11\u8eab\u4efd\u8bc1"}, {"location": {"left": 258, "height": 44, "width": 597, "top": 746}, "probability": {"min": 0.915964, "variance": 0.00062, "average": 0.988508}, "words": "\u7b7e\u53d1\u673a\u5173\u91cd\u5e86\u5e02\u516c\u5b89\u5c40\u6e1d\u4e2d\u5206\u5c40"}, {"location": {"left": 255, "height": 53, "width": 630, "top": 808}, "probability": {"min": 0.530742, "variance": 0.014673, "average": 0.942325}, "words": "\u6709\u6548\u671f\u96502012.07.25-2017,07.25"}], "words_result_num": 4}