{"log_id": 1640306469267696621, "direction": 0, "words_result": [{"location": {"left": 408, "height": 143, "width": 593, "top": 288}, "probability": {"min": 0.965978, "variance": 0.000132, "average": 0.99337}, "words": "\u4e2d\u534e\u4eba\u6c11\u5171\u548c\u56fd"}, {"location": {"left": 359, "height": 201, "width": 696, "top": 481}, "probability": {"min": 0.999593, "variance": 0.0, "average": 0.99978}, "words": "\u5c45\u6c11\u8eab\u4efd\u8bc1"}, {"location": {"left": 324, "height": 53, "width": 438, "top": 1035}, "probability": {"min": 0.536287, "variance": 0.019733, "average": 0.859261}, "words": "\u7b7e\u53cb\u673a\u5929\u524d\u6d51\u53bf\u516c\u5973\u540c"}, {"location": {"left": 319, "height": 99, "width": 633, "top": 1151}, "probability": {"min": 0.409272, "variance": 0.019364, "average": 0.927844}, "words": "\u6709\u6548\u671f\u9650201401.21-2024.0121"}], "words_result_num": 4}