{"log_id": 641697703769831309, "direction": 0, "words_result": [{"location": {"left": 175, "height": 83, "width": 260, "top": 343}, "probability": {"min": 0.365284, "variance": 0.063021, "average": 0.550121}, "words": "4\u7c73\u8bfe"}, {"location": {"left": 270, "height": 39, "width": 758, "top": 687}, "probability": {"min": 0.379501, "variance": 0.050995, "average": 0.800298}, "words": "5001039130721"}], "words_result_num": 2}