{"log_id": 2950521130916154605, "direction": 0, "words_result": [{"location": {"left": 414, "height": 55, "width": 512, "top": 504}, "probability": {"min": 0.985897, "variance": 2.1e-05, "average": 0.997079}, "words": "\u4e2d\u534e\u4eba\u6c11\u5171\u548c\u56fd"}, {"location": {"left": 377, "height": 79, "width": 586, "top": 578}, "probability": {"min": 0.986967, "variance": 2.6e-05, "average": 0.997213}, "words": "\u5c45\u6c11\u8eab\u4efd\u8bc1"}, {"location": {"left": 335, "height": 37, "width": 372, "top": 765}, "probability": {"min": 0.919937, "variance": 0.000531, "average": 0.986892}, "words": "\u7b7e\u53d1\u673a\u5173\u601d\u5357\u53bf\u516c\u5b89\u5c40"}, {"location": {"left": 337, "height": 28, "width": 531, "top": 827}, "probability": {"min": 0.590811, "variance": 0.008105, "average": 0.961694}, "words": "\u6709\u6548\u671f\u9650201207.13-2022.07.13"}], "words_result_num": 4}