{"log_id": 473307770280936589, "direction": 0, "words_result": [{"location": {"left": 277, "height": 35, "width": 167, "top": 378}, "probability": {"min": 0.383271, "variance": 0.05642, "average": 0.6208}, "words": "\u970d\u5668"}, {"location": {"left": 232, "height": 32, "width": 459, "top": 533}, "probability": {"min": 0.413218, "variance": 0.042997, "average": 0.651808}, "words": "\u897f\u7701\u7269\u5e02\u533a\u975e"}, {"location": {"left": 237, "height": 33, "width": 690, "top": 660}, "probability": {"min": 0.508866, "variance": 0.01809, "average": 0.912867}, "words": "\u516c\u6d77\u4efd142601198308072616"}], "words_result_num": 3}